STATION,NAME,DATE,AWND,DAPR,DASF,MDPR,MDSF,PGTM,PRCP,SNOW,SNWD,WDF2,WDF5,WSF2,WSF5,WT01,WT02,WT03,WT04,WT05,WT06,WT08,WT09,WT11
USW00094789,"JFK INTERNATIONAL AIRPORT, NY US",2017-01-01,9.84,,,,,,0,0,0,290,270,21,27.1,,,,,,,,,
USW00094789,"JFK INTERNATIONAL AIRPORT, NY US",2017-01-02,10.07,,,,,,0.31,0,0,50,60,16.1,19,1,,,1,,,1,,
USW00094789,"JFK INTERNATIONAL AIRPORT, NY US",2017-01-03,13.42,,,,,,0.46,0,0,60,50,21,25.9,1,,,,,,,,
USW00094789,"JFK INTERNATIONAL AIRPORT, NY US",2017-01-04,17.67,,,,,,0,0,0,290,270,29.1,40.9,,,,,,,,,
USW00094789,"JFK INTERNATIONAL AIRPORT, NY US",2017-01-05,17.67,,,,,,0,0,0,260,280,31.1,36.9,,,,,,,,,
USW00094789,"JFK INTERNATIONAL AIRPORT, NY US",2017-01-06,8.72,,,,,,0.03,1.1,1.2,330,310,17,25.1,,,,,,,,,
USW00094789,"JFK INTERNATIONAL AIRPORT, NY US",2017-01-07,16.11,,,,,,0.22,8.2,0,340,350,29.1,35.1,1,,,,,,1,,
USW00094789,"JFK INTERNATIONAL AIRPORT, NY US",2017-01-08,18.34,,,,,,0,0,7.9,320,310,29.1,35.1,,,,,,,,,
USW00094789,"JFK INTERNATIONAL AIRPORT, NY US",2017-01-09,11.18,,,,,,0,0,7.1,240,300,21,25.1,,,,,,,,,
USW00094789,"JFK INTERNATIONAL AIRPORT, NY US",2017-01-10,7.83,,,,,,0,0,5.9,170,180,25.1,30,,,,,,,,,
USW00094789,"JFK INTERNATIONAL AIRPORT, NY US",2017-01-11,11.63,,,,,,0.46,0,1.2,210,210,23.9,32,1,,,,,,,,
USW00094789,"JFK INTERNATIONAL AIRPORT, NY US",2017-01-12,11.41,,,,,,0.1,0,1.2,230,220,18.1,23,1,,,,,,,,
USW00094789,"JFK INTERNATIONAL AIRPORT, NY US",2017-01-13,16.78,,,,,,0,0,0,320,320,29.1,35.1,,,,,,,,,
USW00094789,"JFK INTERNATIONAL AIRPORT, NY US",2017-01-14,5.82,,,,,,0.15,1.8,0,10,10,14.1,15,1,,,,,,1,,
USW00094789,"JFK INTERNATIONAL AIRPORT, NY US",2017-01-15,8.28,,,,,,0,0,2,360,350,14.1,19,,,,,,,,,
USW00094789,"JFK INTERNATIONAL AIRPORT, NY US",2017-01-16,6.71,,,,,,0,0,0,240,240,13,16.1,,,,,,,,,
USW00094789,"JFK INTERNATIONAL AIRPORT, NY US",2017-01-17,7.38,,,,,,0.59,0,0,240,240,15,18.1,1,,,,,,1,,
USW00094789,"JFK INTERNATIONAL AIRPORT, NY US",2017-01-18,10.74,,,,,,0.09,0,0,20,40,16.1,21,1,,,,,,,,
USW00094789,"JFK INTERNATIONAL AIRPORT, NY US",2017-01-19,8.5,,,,,,0,0,0,320,320,16.1,19,,,,,,,,,
USW00094789,"JFK INTERNATIONAL AIRPORT, NY US",2017-01-20,5.59,,,,,,0.08,0,0,40,60,12.1,14.1,1,,,,,,,,
USW00094789,"JFK INTERNATIONAL AIRPORT, NY US",2017-01-21,8.5,,,,,,0,0,0,250,250,14.1,17,1,1,,,,,,,
USW00094789,"JFK INTERNATIONAL AIRPORT, NY US",2017-01-22,8.95,,,,,,0.01,0,0,60,80,28,34,1,1,,,,,1,,
USW00094789,"JFK INTERNATIONAL AIRPORT, NY US",2017-01-23,25.05,,,,,,0.84,0,0,50,50,36.9,47,1,,,,,,,,
USW00094789,"JFK INTERNATIONAL AIRPORT, NY US",2017-01-24,21.7,,,,,,1.22,0,0,40,50,40,52.1,1,,,,,,,,
USW00094789,"JFK INTERNATIONAL AIRPORT, NY US",2017-01-25,14.76,,,,,,0,0,0,310,300,29.1,36.9,,,,,,,,,
USW00094789,"JFK INTERNATIONAL AIRPORT, NY US",2017-01-26,14.76,,,,,,0.03,0,0,290,290,35.1,42.9,1,,,,,,,,
USW00094789,"JFK INTERNATIONAL AIRPORT, NY US",2017-01-27,20.8,,,,,,0,0,0,260,260,29.1,36.9,,,,,,,,,
USW00094789,"JFK INTERNATIONAL AIRPORT, NY US",2017-01-28,17.67,,,,,,0,0,0,250,250,28,32,,,,,,,,,
USW00094789,"JFK INTERNATIONAL AIRPORT, NY US",2017-01-29,11.63,,,,,,0,0,0,270,270,21.9,28,,,,,,,,,
USW00094789,"JFK INTERNATIONAL AIRPORT, NY US",2017-01-30,12.53,,,,,,0,0,0,310,310,23,28,,,,,,,,,
USW00094789,"JFK INTERNATIONAL AIRPORT, NY US",2017-01-31,6.26,,,,,,0.05,0.6,0,90,320,14.1,19,1,,,,,,,,
USW00094789,"JFK INTERNATIONAL AIRPORT, NY US",2017-02-01,12.53,,,,,,0,0,0,270,270,21.9,29.1,1,,,,,,,,
USW00094789,"JFK INTERNATIONAL AIRPORT, NY US",2017-02-02,11.86,,,,,,0,0,0,290,290,25.1,32,,,,,,,,,
USW00094789,"JFK INTERNATIONAL AIRPORT, NY US",2017-02-03,13.2,,,,,,0,0,0,310,280,29.1,35.1,,,,,,,,,
USW00094789,"JFK INTERNATIONAL AIRPORT, NY US",2017-02-04,14.99,,,,,,0,0,0,320,290,30,36.9,,,,,,,,,
USW00094789,"JFK INTERNATIONAL AIRPORT, NY US",2017-02-05,12.97,,,,,,0,0,0,210,210,25.1,29.1,,,,,,,,,
USW00094789,"JFK INTERNATIONAL AIRPORT, NY US",2017-02-06,10.74,,,,,,0,0,0,300,290,21.9,29.1,,,,,,,,,
USW00094789,"JFK INTERNATIONAL AIRPORT, NY US",2017-02-07,6.93,,,,,,0.1,0,0,30,30,16.1,18.1,1,,,,,,1,,
USW00094789,"JFK INTERNATIONAL AIRPORT, NY US",2017-02-08,8.72,,,,,,0,0,0,360,350,19.9,23,1,,,,,,1,,
USW00094789,"JFK INTERNATIONAL AIRPORT, NY US",2017-02-09,23.04,,,,,,0.74,8.3,1.2,310,300,38,48.1,1,,,1,,,1,1,
USW00094789,"JFK INTERNATIONAL AIRPORT, NY US",2017-02-10,16.11,,,,,,0,0,7.9,270,270,23.9,32,,,,,,,,,
USW00094789,"JFK INTERNATIONAL AIRPORT, NY US",2017-02-11,6.93,,,,,,0,0,5.9,210,210,16.1,18.1,,,,,,,,,
USW00094789,"JFK INTERNATIONAL AIRPORT, NY US",2017-02-12,10.74,,,,,,0.4,0.1,5.1,60,330,21,23.9,1,,,1,,1,,,
USW00094789,"JFK INTERNATIONAL AIRPORT, NY US",2017-02-13,25.72,,,,,,0,0,3.9,300,300,44.1,62,,,,,,,,,
USW00094789,"JFK INTERNATIONAL AIRPORT, NY US",2017-02-14,11.41,,,,,,0,0,3.1,310,330,21,27.1,,,,,,,,,
USW00094789,"JFK INTERNATIONAL AIRPORT, NY US",2017-02-15,10.74,,,,,,0,0,2,300,310,30,38.9,,,,,,,,,
USW00094789,"JFK INTERNATIONAL AIRPORT, NY US",2017-02-16,22.15,,,,,,0,0,0,320,330,30,36.9,,,,,,,,,
USW00094789,"JFK INTERNATIONAL AIRPORT, NY US",2017-02-17,14.54,,,,,,0,0,0,320,320,25.9,36.9,,,,,,,,,
USW00094789,"JFK INTERNATIONAL AIRPORT, NY US",2017-02-18,7.16,,,,,,0,0,0,220,220,15,19,,,,,,,,,
USW00094789,"JFK INTERNATIONAL AIRPORT, NY US",2017-02-19,11.41,,,,,,0,0,0,290,300,23,29.1,,,,,,,,,
USW00094789,"JFK INTERNATIONAL AIRPORT, NY US",2017-02-20,13.2,,,,,,0,0,0,40,40,21.9,27.1,,,,,,,,,
USW00094789,"JFK INTERNATIONAL AIRPORT, NY US",2017-02-21,8.5,,,,,,0,0,0,210,,12.1,,,,,,,,,,
USW00094789,"JFK INTERNATIONAL AIRPORT, NY US",2017-02-22,5.82,,,,,,0,0,0,170,,10.1,,,,,,,,,,
USW00094789,"JFK INTERNATIONAL AIRPORT, NY US",2017-02-23,5.37,,,,,,0,0,0,200,200,16.1,19.9,1,1,,,,,,,
USW00094789,"JFK INTERNATIONAL AIRPORT, NY US",2017-02-24,11.18,,,,,,0,0,0,180,180,25.9,33.1,1,1,,,,,,,
USW00094789,"JFK INTERNATIONAL AIRPORT, NY US",2017-02-25,11.86,,,,,,0.34,0,0,320,290,28,36.9,1,1,1,,,,1,,
USW00094789,"JFK INTERNATIONAL AIRPORT, NY US",2017-02-26,18.57,,,,,,0,0,0,310,300,29.1,38,,,,,,,,,
USW00094789,"JFK INTERNATIONAL AIRPORT, NY US",2017-02-27,12.3,,,,,,0,0,0,190,190,23.9,31.1,,,,,,,,,
USW00094789,"JFK INTERNATIONAL AIRPORT, NY US",2017-02-28,6.26,,,,,,0,0,0,150,180,16.1,19,1,1,,,,,,,
USW00094789,"JFK INTERNATIONAL AIRPORT, NY US",2017-03-01,11.63,,,,,,0.01,0,0,190,190,25.1,32,1,1,,,,,,,
USW00094789,"JFK INTERNATIONAL AIRPORT, NY US",2017-03-02,25.5,,,,,,0,0,0,280,290,40.9,55,,,,,,,,,
USW00094789,"JFK INTERNATIONAL AIRPORT, NY US",2017-03-03,18.34,,,,,,0,0,0,300,300,33.1,42.9,,,,,,,,,
USW00094789,"JFK INTERNATIONAL AIRPORT, NY US",2017-03-04,20.8,,,,,,0,0,0,300,310,35.1,44.1,,,,,,,,,
USW00094789,"JFK INTERNATIONAL AIRPORT, NY US",2017-03-05,13.65,,,,,,0,0,0,330,330,25.1,33.1,,,,,,,,,
USW00094789,"JFK INTERNATIONAL AIRPORT, NY US",2017-03-06,8.05,,,,,,0,0,0,190,190,16.1,19,,,,,,,1,,
USW00094789,"JFK INTERNATIONAL AIRPORT, NY US",2017-03-07,10.51,,,,,,0.11,0,0,190,180,21.9,27.1,1,,,,,,,,
USW00094789,"JFK INTERNATIONAL AIRPORT, NY US",2017-03-08,16.55,,,,,,0.05,0,0,290,290,25.9,32,1,,,,,,,,
USW00094789,"JFK INTERNATIONAL AIRPORT, NY US",2017-03-09,19.46,,,,,,0,0,0,270,270,32,40.9,,,,,,,,,
USW00094789,"JFK INTERNATIONAL AIRPORT, NY US",2017-03-10,17.45,,,,,,0.26,2.4,0,310,300,36,44.1,1,,,,,,1,,
USW00094789,"JFK INTERNATIONAL AIRPORT, NY US",2017-03-11,18.57,,,,,,0,0,2,310,320,33.1,40,,,,,,,,,
USW00094789,"JFK INTERNATIONAL AIRPORT, NY US",2017-03-12,18.34,,,,,,0,0,1.2,310,270,28,36.9,,,,,,,,,
USW00094789,"JFK INTERNATIONAL AIRPORT, NY US",2017-03-13,9.17,,,,,,0,0,0,310,300,21,25.9,,,,,,,,,
USW00094789,"JFK INTERNATIONAL AIRPORT, NY US",2017-03-14,24.61,,,,,,1.94,5.1,3.9,40,40,38.9,48.1,1,,,1,,,,1,
USW00094789,"JFK INTERNATIONAL AIRPORT, NY US",2017-03-15,21.25,,,,,,0,0,3.9,290,290,32,42.9,,,,,,,,,
USW00094789,"JFK INTERNATIONAL AIRPORT, NY US",2017-03-16,17.22,,,,,,0,0,3.9,290,290,28,36,,,,,,,,,
USW00094789,"JFK INTERNATIONAL AIRPORT, NY US",2017-03-17,13.2,,,,,,0,0,3.1,240,290,21,25.1,,,,,,,,,
USW00094789,"JFK INTERNATIONAL AIRPORT, NY US",2017-03-18,10.96,,,,,,0.07,0,2,40,40,21.9,27.1,1,,,,,,1,,
USW00094789,"JFK INTERNATIONAL AIRPORT, NY US",2017-03-19,14.54,,,,,,0,0,1.2,20,30,23,30,,,,,,,,,
USW00094789,"JFK INTERNATIONAL AIRPORT, NY US",2017-03-20,12.53,,,,,,0,0,0,340,360,21,27.1,,,,,,,,,
USW00094789,"JFK INTERNATIONAL AIRPORT, NY US",2017-03-21,9.17,,,,,,0,0,0,210,210,16.1,19,,,,,,,,,
USW00094789,"JFK INTERNATIONAL AIRPORT, NY US",2017-03-22,23.49,,,,,,0,0,0,320,300,38,53,,,,,,,,,
USW00094789,"JFK INTERNATIONAL AIRPORT, NY US",2017-03-23,11.63,,,,,,0,0,0,320,320,21,28,,,,,,,,,
USW00094789,"JFK INTERNATIONAL AIRPORT, NY US",2017-03-24,13.87,,,,,,0,0,0,190,190,23,30,,,,,,,,,
USW00094789,"JFK INTERNATIONAL AIRPORT, NY US",2017-03-25,8.72,,,,,,0.01,0,0,40,40,19.9,23,,,,,,,,,
USW00094789,"JFK INTERNATIONAL AIRPORT, NY US",2017-03-26,12.08,,,,,,0.14,0,0,70,90,21,25.1,1,,,,,,,,
USW00094789,"JFK INTERNATIONAL AIRPORT, NY US",2017-03-27,6.04,,,,,,0.19,0,0,220,60,12.1,15,1,1,,,,,,,
USW00094789,"JFK INTERNATIONAL AIRPORT, NY US",2017-03-28,8.28,,,,,,0.93,0,0,80,80,21,25.1,1,,1,,,,,,
USW00094789,"JFK INTERNATIONAL AIRPORT, NY US",2017-03-29,16.33,,,,,,0,0,0,330,330,25.9,31.1,,,,,,,,,
USW00094789,"JFK INTERNATIONAL AIRPORT, NY US",2017-03-30,9.62,,,,,,0.01,0,0,200,10,17,23,,,,,,,,,
USW00094789,"JFK INTERNATIONAL AIRPORT, NY US",2017-03-31,16.11,,,,,,2.07,0,0,70,70,31.1,42.1,1,,,,,,,,
USW00094789,"JFK INTERNATIONAL AIRPORT, NY US",2017-04-01,16.55,,,,,,0.01,0,0,20,30,25.9,33.1,1,,,,,,,,
USW00094789,"JFK INTERNATIONAL AIRPORT, NY US",2017-04-02,12.53,,,,,,0,0,0,330,320,25.9,32,,,,,,,,,
USW00094789,"JFK INTERNATIONAL AIRPORT, NY US",2017-04-03,8.72,,,,,,0.03,0,0,130,120,23,27.1,1,,,,,,,,
USW00094789,"JFK INTERNATIONAL AIRPORT, NY US",2017-04-04,10.51,,,,,,1.05,0,0,130,120,29.1,38.9,1,1,,,,,,,
USW00094789,"JFK INTERNATIONAL AIRPORT, NY US",2017-04-05,7.61,,,,,,0,0,0,110,100,19.9,23.9,1,,,,,,,,
USW00094789,"JFK INTERNATIONAL AIRPORT, NY US",2017-04-06,16.11,,,,,,0.96,0,0,80,100,29.1,40,1,1,1,,,,,,
USW00094789,"JFK INTERNATIONAL AIRPORT, NY US",2017-04-07,20.36,,,,,,0,0,0,280,290,28,38.9,,,,,,,,,
USW00094789,"JFK INTERNATIONAL AIRPORT, NY US",2017-04-08,17,,,,,,0,0,0,320,270,28,38,,,,,,,,,
USW00094789,"JFK INTERNATIONAL AIRPORT, NY US",2017-04-09,10.51,,,,,,0,0,0,180,180,25.1,31.1,,,,,,,,,
USW00094789,"JFK INTERNATIONAL AIRPORT, NY US",2017-04-10,11.41,,,,,,0,0,0,190,190,25.9,33.1,,,,,,,,,
USW00094789,"JFK INTERNATIONAL AIRPORT, NY US",2017-04-11,6.71,,,,,,0,0,0,180,180,19.9,25.1,,,,,,,,,
USW00094789,"JFK INTERNATIONAL AIRPORT, NY US",2017-04-12,6.93,,,,,,0.05,0,0,310,310,21.9,25.1,,,,,,,,,
USW00094789,"JFK INTERNATIONAL AIRPORT, NY US",2017-04-13,12.53,,,,,,0,0,0,330,320,23.9,29.1,,,,,,,,,
USW00094789,"JFK INTERNATIONAL AIRPORT, NY US",2017-04-14,7.61,,,,,,0,0,0,180,190,16.1,19,,,,,,,,,
USW00094789,"JFK INTERNATIONAL AIRPORT, NY US",2017-04-15,11.18,,,,,,0,0,0,170,180,23.9,28,,,,,,,,,
USW00094789,"JFK INTERNATIONAL AIRPORT, NY US",2017-04-16,13.2,,,,,,0.01,0,0,280,270,36.9,47,1,,,,,,,,
USW00094789,"JFK INTERNATIONAL AIRPORT, NY US",2017-04-17,14.99,,,,,,0,0,0,340,350,29.1,34,,,,,,,,,
USW00094789,"JFK INTERNATIONAL AIRPORT, NY US",2017-04-18,12.75,,,,,,0,0,0,140,150,21,23.9,,,,,,,,,
USW00094789,"JFK INTERNATIONAL AIRPORT, NY US",2017-04-19,12.53,,,,,,0,0,0,130,150,21,23.9,,,,,,,,,
USW00094789,"JFK INTERNATIONAL AIRPORT, NY US",2017-04-20,6.49,,,,,,0.17,0,0,110,100,17,23,1,,,,,,1,,
USW00094789,"JFK INTERNATIONAL AIRPORT, NY US",2017-04-21,9.17,,,,,,0.03,0,0,100,90,21,27.1,1,,,,,,,,
USW00094789,"JFK INTERNATIONAL AIRPORT, NY US",2017-04-22,7.83,,,,,,0.11,0,0,360,360,21,25.1,1,,,,,,,,
USW00094789,"JFK INTERNATIONAL AIRPORT, NY US",2017-04-23,11.18,,,,,,0,0,0,360,350,18.1,25.1,,,,,,,,,
USW00094789,"JFK INTERNATIONAL AIRPORT, NY US",2017-04-24,7.38,,,,,,0.01,0,0,80,70,15,19,,,,,,,,,
USW00094789,"JFK INTERNATIONAL AIRPORT, NY US",2017-04-25,17,,,,,,0.98,0,0,60,60,25.9,35.1,1,,,,,,,,
USW00094789,"JFK INTERNATIONAL AIRPORT, NY US",2017-04-26,8.72,,,,,,0.48,0,0,30,30,21,25.1,1,,,,,,,,
USW00094789,"JFK INTERNATIONAL AIRPORT, NY US",2017-04-27,7.61,,,,,,0.01,0,0,140,140,17,21,1,1,,,,,,,
USW00094789,"JFK INTERNATIONAL AIRPORT, NY US",2017-04-28,6.49,,,,,,0,0,0,180,180,19.9,23.9,1,1,,,,,1,,
USW00094789,"JFK INTERNATIONAL AIRPORT, NY US",2017-04-29,12.75,,,,,,0.16,0,0,290,290,30,38.9,1,,1,,,,,,
USW00094789,"JFK INTERNATIONAL AIRPORT, NY US",2017-04-30,13.87,,,,,,0,0,0,100,100,25.1,33.1,1,,,,,,,,
USW00094789,"JFK INTERNATIONAL AIRPORT, NY US",2017-05-01,12.75,,,,,,0,0,0,180,180,28,34,1,,,,,,,,
USW00094789,"JFK INTERNATIONAL AIRPORT, NY US",2017-05-02,18.34,,,,,,0.02,0,0,270,240,36,47,1,1,,,,,,,
USW00094789,"JFK INTERNATIONAL AIRPORT, NY US",2017-05-03,17.45,,,,,,0,0,0,330,310,30,36.9,,,,,,,,,
USW00094789,"JFK INTERNATIONAL AIRPORT, NY US",2017-05-04,11.18,,,,,,0,0,0,150,150,19.9,25.1,,,,,,,,,
USW00094789,"JFK INTERNATIONAL AIRPORT, NY US",2017-05-05,15.66,,,,,,1.78,0,0,110,110,30,38,1,1,1,,,,,,
USW00094789,"JFK INTERNATIONAL AIRPORT, NY US",2017-05-06,19.24,,,,,,0.05,0,0,170,160,28,36,1,1,,,,,1,,
USW00094789,"JFK INTERNATIONAL AIRPORT, NY US",2017-05-07,15.43,,,,,,0,0,0,260,260,23.9,29.1,,,,,,,,,
USW00094789,"JFK INTERNATIONAL AIRPORT, NY US",2017-05-08,11.86,,,,,,0,0,0,280,270,23.9,34,,,,,,,,,
USW00094789,"JFK INTERNATIONAL AIRPORT, NY US",2017-05-09,7.83,,,,,,0,0,0,200,180,16.1,19.9,,,,,,,,,
USW00094789,"JFK INTERNATIONAL AIRPORT, NY US",2017-05-10,5.82,,,,,,0,0,0,170,200,13,16.1,,,,,,,,,
USW00094789,"JFK INTERNATIONAL AIRPORT, NY US",2017-05-11,6.26,,,,,,0,0,0,120,160,13,16.1,,,,,,,,,
USW00094789,"JFK INTERNATIONAL AIRPORT, NY US",2017-05-12,8.5,,,,,,0,0,0,160,150,17,23,,,,,,,,,
USW00094789,"JFK INTERNATIONAL AIRPORT, NY US",2017-05-13,14.76,,,,,,1.65,0,0,40,30,28,36.9,1,,,,,,,,
USW00094789,"JFK INTERNATIONAL AIRPORT, NY US",2017-05-14,15.88,,,,,,0.01,0,0,320,320,36,45,,,1,,,,,,
USW00094789,"JFK INTERNATIONAL AIRPORT, NY US",2017-05-15,20.58,,,,,,0,0,0,310,310,35.1,42.9,,,,,,,,,
USW00094789,"JFK INTERNATIONAL AIRPORT, NY US",2017-05-16,11.41,,,,,,0,0,0,230,310,21,25.1,,,,,,,,,
USW00094789,"JFK INTERNATIONAL AIRPORT, NY US",2017-05-17,9.62,,,,,,0,0,0,190,180,21.9,27.1,,,,,,,,,
USW00094789,"JFK INTERNATIONAL AIRPORT, NY US",2017-05-18,10.74,,,,,,0,0,0,180,180,21,23.9,,,,,,,,,
USW00094789,"JFK INTERNATIONAL AIRPORT, NY US",2017-05-19,12.97,,,,,,0,0,0,20,20,23,29.1,,,,,,,,,
USW00094789,"JFK INTERNATIONAL AIRPORT, NY US",2017-05-20,10.51,,,,,,0,0,0,40,40,23,30,,,,,,,,,
USW00094789,"JFK INTERNATIONAL AIRPORT, NY US",2017-05-21,8.72,,,,,,0,0,0,130,120,17,21,,,,,,,,,
USW00094789,"JFK INTERNATIONAL AIRPORT, NY US",2017-05-22,8.5,,,,,,0.65,0,0,140,140,17,19.9,1,,,,,,,,
USW00094789,"JFK INTERNATIONAL AIRPORT, NY US",2017-05-23,6.71,,,,,,0,0,0,340,330,15,19.9,1,,,,,,,,
USW00094789,"JFK INTERNATIONAL AIRPORT, NY US",2017-05-24,9.17,,,,,,0.02,0,0,90,110,18.1,21.9,,,,,,,,,
USW00094789,"JFK INTERNATIONAL AIRPORT, NY US",2017-05-25,13.42,,,,,,1.14,0,0,80,80,23.9,34,1,,1,,,,,,
USW00094789,"JFK INTERNATIONAL AIRPORT, NY US",2017-05-26,12.3,,,,,,0.19,0,0,300,270,23,28,1,,1,,,,,,
USW00094789,"JFK INTERNATIONAL AIRPORT, NY US",2017-05-27,8.72,,,,,,0,0,0,300,190,19.9,25.1,,,,,,,,,
USW00094789,"JFK INTERNATIONAL AIRPORT, NY US",2017-05-28,8.72,,,,,,0,0,0,120,110,16.1,21,1,,,,,,,,
USW00094789,"JFK INTERNATIONAL AIRPORT, NY US",2017-05-29,8.5,,,,,,0.29,0,0,80,90,15,21,1,,,,,,,,
USW00094789,"JFK INTERNATIONAL AIRPORT, NY US",2017-05-30,9.4,,,,,,0,0,0,100,120,15,19,1,,,,,,,,
USW00094789,"JFK INTERNATIONAL AIRPORT, NY US",2017-05-31,6.71,,,,,,0.03,0,0,180,,12.1,,1,,,,,,,,
USW00094789,"JFK INTERNATIONAL AIRPORT, NY US",2017-06-01,9.84,,,,,,0,0,0,260,260,23,28,1,1,,,,,1,,
USW00094789,"JFK INTERNATIONAL AIRPORT, NY US",2017-06-02,11.41,,,,,,0,0,0,320,320,23.9,31.1,,,,,,,,,
USW00094789,"JFK INTERNATIONAL AIRPORT, NY US",2017-06-03,11.41,,,,,,0.02,0,0,300,320,23.9,29.1,,,,,,,,,
USW00094789,"JFK INTERNATIONAL AIRPORT, NY US",2017-06-04,6.26,,,,,,0.09,0,0,150,150,16.1,19.9,1,,,,,,,,
USW00094789,"JFK INTERNATIONAL AIRPORT, NY US",2017-06-05,7.61,,,,,,0.4,0,0,110,120,19.9,25.1,1,,1,,,,1,,
USW00094789,"JFK INTERNATIONAL AIRPORT, NY US",2017-06-06,11.63,,,,,,0.05,0,0,20,30,18.1,23,1,,,,,,,,
USW00094789,"JFK INTERNATIONAL AIRPORT, NY US",2017-06-07,9.17,,,,,,0,0,0,160,30,15,21,,,,,,,,,
USW00094789,"JFK INTERNATIONAL AIRPORT, NY US",2017-06-08,5.82,,,,,,0,0,0,90,90,15,19,,,,,,,,,
USW00094789,"JFK INTERNATIONAL AIRPORT, NY US",2017-06-09,9.4,,,,,,0,0,0,320,290,21.9,29.1,,,,,,,,,
USW00094789,"JFK INTERNATIONAL AIRPORT, NY US",2017-06-10,11.18,,,,,,0,0,0,180,180,23,29.1,,,,,,,,,
USW00094789,"JFK INTERNATIONAL AIRPORT, NY US",2017-06-11,10.51,,,,,,0,0,0,190,190,21,25.9,,,,,,,,,
USW00094789,"JFK INTERNATIONAL AIRPORT, NY US",2017-06-12,11.18,,,,,,0,0,0,190,180,21,23,,,,,,,,,
USW00094789,"JFK INTERNATIONAL AIRPORT, NY US",2017-06-13,9.84,,,,,,0,0,0,220,220,21,25.1,,,,,,,,,
USW00094789,"JFK INTERNATIONAL AIRPORT, NY US",2017-06-14,7.16,,,,,,0.3,0,0,40,30,17,23,1,,1,,,,,,
USW00094789,"JFK INTERNATIONAL AIRPORT, NY US",2017-06-15,9.62,,,,,,0,0,0,140,140,17,21.9,,,,,,,,,
USW00094789,"JFK INTERNATIONAL AIRPORT, NY US",2017-06-16,8.5,,,,,,0.03,0,0,100,90,19.9,23,1,,,,,,,,
USW00094789,"JFK INTERNATIONAL AIRPORT, NY US",2017-06-17,5.82,,,,,,0.34,0,0,150,140,12.1,14.1,1,1,,,,,,,
USW00094789,"JFK INTERNATIONAL AIRPORT, NY US",2017-06-18,15.66,,,,,,0,0,0,180,180,30,38.9,1,1,,,,,,,
USW00094789,"JFK INTERNATIONAL AIRPORT, NY US",2017-06-19,17.22,,,,,,1.12,0,0,180,180,32,40.9,1,,1,,,,,,
USW00094789,"JFK INTERNATIONAL AIRPORT, NY US",2017-06-20,13.65,,,,,,0.01,0,0,230,260,23,30,1,,,,,,,,
USW00094789,"JFK INTERNATIONAL AIRPORT, NY US",2017-06-21,11.63,,,,,,0,0,0,240,240,21,23.9,,,,,,,,,
USW00094789,"JFK INTERNATIONAL AIRPORT, NY US",2017-06-22,8.5,,,,,,0,0,0,180,180,19.9,23.9,,,,,,,,,
USW00094789,"JFK INTERNATIONAL AIRPORT, NY US",2017-06-23,11.41,,,,,,0,0,0,220,220,21,25.1,1,,,,,,,,
USW00094789,"JFK INTERNATIONAL AIRPORT, NY US",2017-06-24,12.08,,,,,,1.73,0,0,310,270,25.9,31.1,1,,1,,,,,,
USW00094789,"JFK INTERNATIONAL AIRPORT, NY US",2017-06-25,9.62,,,,,,0,0,0,330,330,23.9,29.1,,,,,,,,,
USW00094789,"JFK INTERNATIONAL AIRPORT, NY US",2017-06-26,11.63,,,,,,0,0,0,190,190,23,28,,,,,,,,,
USW00094789,"JFK INTERNATIONAL AIRPORT, NY US",2017-06-27,8.95,,,,,,0.11,0,0,190,180,18.1,21.9,1,,,,,,,,
USW00094789,"JFK INTERNATIONAL AIRPORT, NY US",2017-06-28,11.86,,,,,,0,0,0,190,190,23,28,,,,,,,,,
USW00094789,"JFK INTERNATIONAL AIRPORT, NY US",2017-06-29,16.33,,,,,,0,0,0,190,180,33.1,38.9,,,,,,,,,
USW00094789,"JFK INTERNATIONAL AIRPORT, NY US",2017-06-30,14.99,,,,,,0,0,0,190,190,29.1,36.9,,,,,,,,,
USW00094789,"JFK INTERNATIONAL AIRPORT, NY US",2017-07-01,12.3,,,,,,0.53,0,0,190,180,25.1,32,1,,1,,,,,,
USW00094789,"JFK INTERNATIONAL AIRPORT, NY US",2017-07-02,10.07,,,,,,0,0,0,180,180,19.9,25.1,1,,,,,,,,
USW00094789,"JFK INTERNATIONAL AIRPORT, NY US",2017-07-03,7.83,,,,,,0,0,0,220,220,19.9,23.9,,,,,,,,,
USW00094789,"JFK INTERNATIONAL AIRPORT, NY US",2017-07-04,6.49,,,,,,0,0,0,20,30,16.1,19,,,,,,,,,
USW00094789,"JFK INTERNATIONAL AIRPORT, NY US",2017-07-05,8.95,,,,,,0,0,0,130,130,17,21,,,,,,,,,
USW00094789,"JFK INTERNATIONAL AIRPORT, NY US",2017-07-06,8.28,,,,,,0,0,0,110,110,14.1,17,,,,,,,,,
USW00094789,"JFK INTERNATIONAL AIRPORT, NY US",2017-07-07,8.95,,,,,,1.92,0,0,300,300,25.9,30,1,,,,,,,,
USW00094789,"JFK INTERNATIONAL AIRPORT, NY US",2017-07-08,10.96,,,,,,0,0,0,270,260,23.9,28,1,,,,,,,,
USW00094789,"JFK INTERNATIONAL AIRPORT, NY US",2017-07-09,11.41,,,,,,0,0,0,190,190,19.9,23,,,,,,,,,
USW00094789,"JFK INTERNATIONAL AIRPORT, NY US",2017-07-10,12.75,,,,,,0,0,0,180,180,28,34,,,,,,,,,
USW00094789,"JFK INTERNATIONAL AIRPORT, NY US",2017-07-11,9.84,,,,,,0.16,0,0,230,240,23.9,35.1,1,,1,,,,1,,
USW00094789,"JFK INTERNATIONAL AIRPORT, NY US",2017-07-12,13.2,,,,,,0.01,0,0,240,240,25.9,31.1,,,,,,,,,
USW00094789,"JFK INTERNATIONAL AIRPORT, NY US",2017-07-13,10.96,,,,,,0.03,0,0,340,320,25.1,30,1,,,,,,,,
USW00094789,"JFK INTERNATIONAL AIRPORT, NY US",2017-07-14,9.17,,,,,,0.21,0,0,100,90,16.1,21,1,,1,,,,,,
USW00094789,"JFK INTERNATIONAL AIRPORT, NY US",2017-07-15,5.82,,,,,,0.01,0,0,170,170,13,15,1,,,,,,,,
USW00094789,"JFK INTERNATIONAL AIRPORT, NY US",2017-07-16,8.5,,,,,,0,0,0,190,170,16.1,18.1,,,,,,,,,
USW00094789,"JFK INTERNATIONAL AIRPORT, NY US",2017-07-17,9.17,,,,,,0,0,0,170,160,18.1,23,,,,,,,,,
USW00094789,"JFK INTERNATIONAL AIRPORT, NY US",2017-07-18,9.4,,,,,,0,0,0,190,170,18.1,25.1,,,,,,,,,
USW00094789,"JFK INTERNATIONAL AIRPORT, NY US",2017-07-19,11.41,,,,,,0,0,0,180,180,21.9,25.9,,,,,,,,,
USW00094789,"JFK INTERNATIONAL AIRPORT, NY US",2017-07-20,9.4,,,,,,0,0,0,190,180,21,23.9,1,,,,,,,,
USW00094789,"JFK INTERNATIONAL AIRPORT, NY US",2017-07-21,10.74,,,,,,0,0,0,230,220,21,25.1,,,,,,,1,,
USW00094789,"JFK INTERNATIONAL AIRPORT, NY US",2017-07-22,7.61,,,,,,0.62,0,0,330,330,15,17,1,,,,,,,,
USW00094789,"JFK INTERNATIONAL AIRPORT, NY US",2017-07-23,7.83,,,,,,0.37,0,0,110,110,16.1,19.9,1,,,,,,,,
USW00094789,"JFK INTERNATIONAL AIRPORT, NY US",2017-07-24,11.41,,,,,,0.78,0,0,30,20,25.9,32,1,,,,,,,,
USW00094789,"JFK INTERNATIONAL AIRPORT, NY US",2017-07-25,7.38,,,,,,0,0,0,40,40,13,15,,,,,,,,,
USW00094789,"JFK INTERNATIONAL AIRPORT, NY US",2017-07-26,7.83,,,,,,0,0,0,190,170,14.1,19.9,,,,,,,,,
USW00094789,"JFK INTERNATIONAL AIRPORT, NY US",2017-07-27,9.84,,,,,,0,0,0,190,200,17,19.9,,,,,,,,,
USW00094789,"JFK INTERNATIONAL AIRPORT, NY US",2017-07-28,6.04,,,,,,0,0,0,140,140,13,15,,,,,,,,,
USW00094789,"JFK INTERNATIONAL AIRPORT, NY US",2017-07-29,17,,,,,,0.01,0,0,40,40,30,38,,,,,,,,,
USW00094789,"JFK INTERNATIONAL AIRPORT, NY US",2017-07-30,9.17,,,,,,0,0,0,210,40,16.1,19.9,,,,,,,,,
USW00094789,"JFK INTERNATIONAL AIRPORT, NY US",2017-07-31,8.5,,,,,,0,0,0,180,210,15,19,,,,,,,,,
USW00094789,"JFK INTERNATIONAL AIRPORT, NY US",2017-08-01,8.05,,,,,,0,0,0,170,170,16.1,18.1,,,,,,,,,
USW00094789,"JFK INTERNATIONAL AIRPORT, NY US",2017-08-02,7.38,,,,,,0.01,0,0,320,320,30,36,1,,1,,,,,,
USW00094789,"JFK INTERNATIONAL AIRPORT, NY US",2017-08-03,7.61,,,,,,0,0,0,180,180,16.1,19.9,,,,,,,,,
USW00094789,"JFK INTERNATIONAL AIRPORT, NY US",2017-08-04,11.63,,,,,,0.06,0,0,160,160,19.9,25.1,1,,1,,,,,,
USW00094789,"JFK INTERNATIONAL AIRPORT, NY US",2017-08-05,12.75,,,,,,0.27,0,0,270,260,23,30,1,,1,,,,,,
USW00094789,"JFK INTERNATIONAL AIRPORT, NY US",2017-08-06,12.3,,,,,,0,0,0,310,310,19.9,25.9,,,,,,,,,
USW00094789,"JFK INTERNATIONAL AIRPORT, NY US",2017-08-07,7.16,,,,,,0.39,0,0,140,130,16.1,19.9,1,,,,,,,,
USW00094789,"JFK INTERNATIONAL AIRPORT, NY US",2017-08-08,8.5,,,,,,0,0,0,360,350,18.1,23,1,,,,,,,,
USW00094789,"JFK INTERNATIONAL AIRPORT, NY US",2017-08-09,7.61,,,,,,0,0,0,170,180,14.1,17,,,,,,,,,
USW00094789,"JFK INTERNATIONAL AIRPORT, NY US",2017-08-10,6.93,,,,,,0,0,0,170,170,16.1,18.1,,,,,,,1,,
USW00094789,"JFK INTERNATIONAL AIRPORT, NY US",2017-08-11,10.07,,,,,,0,0,0,180,170,18.1,21.9,,,,,,,,,
USW00094789,"JFK INTERNATIONAL AIRPORT, NY US",2017-08-12,7.61,,,,,,0.21,0,0,180,180,17,19.9,1,,1,,,,,,
USW00094789,"JFK INTERNATIONAL AIRPORT, NY US",2017-08-13,8.05,,,,,,0,0,0,300,330,16.1,21.9,,,,,,,,,
USW00094789,"JFK INTERNATIONAL AIRPORT, NY US",2017-08-14,7.38,,,,,,0,0,0,180,180,14.1,16.1,,,,,,,,,
USW00094789,"JFK INTERNATIONAL AIRPORT, NY US",2017-08-15,5.82,,,,,,0.44,0,0,250,250,12.1,14.1,1,,,,,,,,
USW00094789,"JFK INTERNATIONAL AIRPORT, NY US",2017-08-16,6.71,,,,,,0,0,0,340,340,16.1,19.9,1,,,,,,,,
USW00094789,"JFK INTERNATIONAL AIRPORT, NY US",2017-08-17,8.95,,,,,,0,0,0,140,130,15,18.1,1,,,,,,,,
USW00094789,"JFK INTERNATIONAL AIRPORT, NY US",2017-08-18,13.42,,,,,,0.27,0,0,190,190,23,30,1,,1,,,,,,
USW00094789,"JFK INTERNATIONAL AIRPORT, NY US",2017-08-19,10.51,,,,,,0,0,0,240,230,16.1,19.9,,,,,,,,,
USW00094789,"JFK INTERNATIONAL AIRPORT, NY US",2017-08-20,11.41,,,,,,0,0,0,320,310,18.1,23.9,,,,,,,,,
USW00094789,"JFK INTERNATIONAL AIRPORT, NY US",2017-08-21,10.29,,,,,,0,0,0,180,180,23,27.1,,,,,,,,,
USW00094789,"JFK INTERNATIONAL AIRPORT, NY US",2017-08-22,14.54,,,,,,0.17,0,0,180,190,31.1,36,1,,1,,,,,,
USW00094789,"JFK INTERNATIONAL AIRPORT, NY US",2017-08-23,10.29,,,,,,0.06,0,0,280,310,18.1,23.9,1,,1,,,,,,
USW00094789,"JFK INTERNATIONAL AIRPORT, NY US",2017-08-24,8.28,,,,,,0,0,0,270,270,17,21.9,,,,,,,,,
USW00094789,"JFK INTERNATIONAL AIRPORT, NY US",2017-08-25,6.71,,,,,,0,0,0,360,360,16.1,21,,,,,,,,,
USW00094789,"JFK INTERNATIONAL AIRPORT, NY US",2017-08-26,6.49,,,,,,0,0,0,180,190,15,19.9,,,,,,,,,
USW00094789,"JFK INTERNATIONAL AIRPORT, NY US",2017-08-27,7.16,,,,,,0,0,0,110,110,14.1,19,,,,,,,,,
USW00094789,"JFK INTERNATIONAL AIRPORT, NY US",2017-08-28,10.51,,,,,,0,0,0,100,120,19.9,23.9,,,,,,,,,
USW00094789,"JFK INTERNATIONAL AIRPORT, NY US",2017-08-29,11.86,,,,,,0.57,0,0,50,60,18.1,23,1,,,,,,,,
USW00094789,"JFK INTERNATIONAL AIRPORT, NY US",2017-08-30,12.75,,,,,,0.05,0,0,350,360,21,25.9,1,,,,,,,,
USW00094789,"JFK INTERNATIONAL AIRPORT, NY US",2017-08-31,13.42,,,,,,0,0,0,330,290,21,28,,,,,,,,,
USW00094789,"JFK INTERNATIONAL AIRPORT, NY US",2017-09-01,10.74,,,,,,0,0,0,300,330,17,25.9,,,,,,,,,
USW00094789,"JFK INTERNATIONAL AIRPORT, NY US",2017-09-02,9.84,,,,,,0.54,0,0,90,100,19.9,25.9,1,,,,,,,,
USW00094789,"JFK INTERNATIONAL AIRPORT, NY US",2017-09-03,14.09,,,,,,0.46,0,0,90,100,21.9,27.1,1,,,,,,1,,
USW00094789,"JFK INTERNATIONAL AIRPORT, NY US",2017-09-04,13.65,,,,,,0,0,0,180,190,23.9,28,,,,,,,,,
USW00094789,"JFK INTERNATIONAL AIRPORT, NY US",2017-09-05,13.65,,,,,,0,0,0,180,190,28,35.1,,,,,,,,,
USW00094789,"JFK INTERNATIONAL AIRPORT, NY US",2017-09-06,8.05,,,,,,0.5,0,0,360,350,21.9,27.1,1,,1,,,,1,,
USW00094789,"JFK INTERNATIONAL AIRPORT, NY US",2017-09-07,12.97,,,,,,0,0,0,240,240,23,27.1,,,,,,,,,
USW00094789,"JFK INTERNATIONAL AIRPORT, NY US",2017-09-08,11.63,,,,,,0,0,0,270,270,19.9,23,,,,,,,,,
USW00094789,"JFK INTERNATIONAL AIRPORT, NY US",2017-09-09,11.63,,,,,,0,0,0,360,330,21,25.1,,,,,,,,,
USW00094789,"JFK INTERNATIONAL AIRPORT, NY US",2017-09-10,10.07,,,,,,0,0,0,360,360,21.9,28,,,,,,,,,
USW00094789,"JFK INTERNATIONAL AIRPORT, NY US",2017-09-11,6.49,,,,,,0,0,0,20,360,12.1,16.1,,,,,,,,,
USW00094789,"JFK INTERNATIONAL AIRPORT, NY US",2017-09-12,6.26,,,,,,0,0,0,190,220,13,15,,,,,,,,,
USW00094789,"JFK INTERNATIONAL AIRPORT, NY US",2017-09-13,8.28,,,,,,0.4,0,0,180,180,16.1,21,1,,1,,,,,,
USW00094789,"JFK INTERNATIONAL AIRPORT, NY US",2017-09-14,8.05,,,,,,0,0,0,190,180,19.9,23.9,1,1,,,,,,,
USW00094789,"JFK INTERNATIONAL AIRPORT, NY US",2017-09-15,6.26,,,,,,0,0,0,190,190,14.1,17,1,,,,,,,,
USW00094789,"JFK INTERNATIONAL AIRPORT, NY US",2017-09-16,5.37,,,,,,0,0,0,160,160,14.1,17,1,1,,,,,1,,
USW00094789,"JFK INTERNATIONAL AIRPORT, NY US",2017-09-17,4.92,,,,,,0,0,0,140,150,13,16.1,1,,,,,,,,
USW00094789,"JFK INTERNATIONAL AIRPORT, NY US",2017-09-18,9.62,,,,,,0,0,0,40,60,15,21,1,,,,,,,,
USW00094789,"JFK INTERNATIONAL AIRPORT, NY US",2017-09-19,18.79,,,,,,0.26,0,0,40,30,29.1,38.9,1,,,,,,,,
USW00094789,"JFK INTERNATIONAL AIRPORT, NY US",2017-09-20,17,,,,,,0,0,0,10,360,28,33.1,,,,,,,,,
USW00094789,"JFK INTERNATIONAL AIRPORT, NY US",2017-09-21,13.65,,,,,,0,0,0,350,360,21.9,28,,,,,,,,,
USW00094789,"JFK INTERNATIONAL AIRPORT, NY US",2017-09-22,18.12,,,,,,0,0,0,350,350,25.1,32,,,,,,,,,
USW00094789,"JFK INTERNATIONAL AIRPORT, NY US",2017-09-23,11.41,,,,,,0,0,0,350,340,19.9,25.1,,,,,,,,,
USW00094789,"JFK INTERNATIONAL AIRPORT, NY US",2017-09-24,5.59,,,,,,0,0,0,180,50,13,17,,,,,,,,,
USW00094789,"JFK INTERNATIONAL AIRPORT, NY US",2017-09-25,5.14,,,,,,0,0,0,150,150,12.1,14.1,,,,,,,1,,
USW00094789,"JFK INTERNATIONAL AIRPORT, NY US",2017-09-26,6.26,,,,,,0,0,0,140,160,12.1,14.1,1,,,,,,,,
USW00094789,"JFK INTERNATIONAL AIRPORT, NY US",2017-09-27,7.38,,,,,,0,0,0,110,110,15,19,1,,,,,,,,
USW00094789,"JFK INTERNATIONAL AIRPORT, NY US",2017-09-28,17,,,,,,0,0,0,320,330,25.9,32,1,1,,,,,,,
USW00094789,"JFK INTERNATIONAL AIRPORT, NY US",2017-09-29,6.93,,,,,,0,0,0,270,260,16.1,21,,,,,,,1,,
USW00094789,"JFK INTERNATIONAL AIRPORT, NY US",2017-09-30,14.09,,,,,,0.04,0,0,350,350,25.1,31.1,1,,,,,,,,
USW00094789,"JFK INTERNATIONAL AIRPORT, NY US",2017-10-01,6.93,,,,,,0,0,0,230,230,16.1,18.1,,,,,,,,,
USW00094789,"JFK INTERNATIONAL AIRPORT, NY US",2017-10-02,6.93,,,,,,0,0,0,200,40,13,17,,,,,,,,,
USW00094789,"JFK INTERNATIONAL AIRPORT, NY US",2017-10-03,7.83,,,,,,0,0,0,150,140,15,21,,,,,,,,,
USW00094789,"JFK INTERNATIONAL AIRPORT, NY US",2017-10-04,11.86,,,,,,0,0,0,200,190,21,25.1,,,,,,,,,
USW00094789,"JFK INTERNATIONAL AIRPORT, NY US",2017-10-05,12.08,,,,,,0,0,0,240,240,18.1,21.9,,,,,,,,,
USW00094789,"JFK INTERNATIONAL AIRPORT, NY US",2017-10-06,7.38,,,,,,0,0,0,170,190,14.1,17,,,,,,,,,
USW00094789,"JFK INTERNATIONAL AIRPORT, NY US",2017-10-07,10.74,,,,,,0,0,0,170,190,23,29.1,1,,,,,,,,
USW00094789,"JFK INTERNATIONAL AIRPORT, NY US",2017-10-08,14.32,,,,,,0.04,0,0,180,180,23.9,29.1,1,,,,,,,,
USW00094789,"JFK INTERNATIONAL AIRPORT, NY US",2017-10-09,16.78,,,,,,0.34,0,0,180,170,32,42.1,1,,,,,,,,
USW00094789,"JFK INTERNATIONAL AIRPORT, NY US",2017-10-10,7.38,,,,,,0,0,0,320,320,19.9,23.9,,,,,,,,,
USW00094789,"JFK INTERNATIONAL AIRPORT, NY US",2017-10-11,9.4,,,,,,0.02,0,0,90,110,21.9,27.1,,,,,,,,,
USW00094789,"JFK INTERNATIONAL AIRPORT, NY US",2017-10-12,15.21,,,,,,0.08,0,0,50,50,23,29.1,1,,,,,,,,
USW00094789,"JFK INTERNATIONAL AIRPORT, NY US",2017-10-13,11.63,,,,,,0,0,0,100,100,19.9,23.9,1,,,,,,,,
USW00094789,"JFK INTERNATIONAL AIRPORT, NY US",2017-10-14,6.93,,,,,,0.01,0,0,30,30,13,15,1,,,,,,,,
USW00094789,"JFK INTERNATIONAL AIRPORT, NY US",2017-10-15,10.07,,,,,,0.01,0,0,220,220,21,27.1,1,,,,,,,,
USW00094789,"JFK INTERNATIONAL AIRPORT, NY US",2017-10-16,16.55,,,,,,0,0,0,320,320,25.9,32,,,,,,,,,
USW00094789,"JFK INTERNATIONAL AIRPORT, NY US",2017-10-17,10.51,,,,,,0,0,0,360,360,18.1,23,,,,,,,,,
USW00094789,"JFK INTERNATIONAL AIRPORT, NY US",2017-10-18,10.29,,,,,,0,0,0,260,260,17,21,,,,,,,,,
USW00094789,"JFK INTERNATIONAL AIRPORT, NY US",2017-10-19,10.74,,,,,,0,0,0,220,190,17,21,,,,,,,,,
USW00094789,"JFK INTERNATIONAL AIRPORT, NY US",2017-10-20,10.51,,,,,,0,0,0,300,320,19.9,25.9,,,,,,,,,
USW00094789,"JFK INTERNATIONAL AIRPORT, NY US",2017-10-21,6.04,,,,,,0,0,0,190,190,15,18.1,,,,,,,,,
USW00094789,"JFK INTERNATIONAL AIRPORT, NY US",2017-10-22,4.7,,,,,,0,0,0,170,180,13,15,,,,,,,,,
USW00094789,"JFK INTERNATIONAL AIRPORT, NY US",2017-10-23,12.75,,,,,,0,0,0,140,140,23,28,1,,,,,,,,
USW00094789,"JFK INTERNATIONAL AIRPORT, NY US",2017-10-24,21.92,,,,,,0.51,0,0,160,160,36,45,1,,1,,,,,,
USW00094789,"JFK INTERNATIONAL AIRPORT, NY US",2017-10-25,6.49,,,,,,0,0,0,330,330,18.1,21.9,1,,,,,,,,
USW00094789,"JFK INTERNATIONAL AIRPORT, NY US",2017-10-26,14.32,,,,,,0,0,0,270,290,21.9,29.1,,,,,,,,,
USW00094789,"JFK INTERNATIONAL AIRPORT, NY US",2017-10-27,9.62,,,,,,0,0,0,220,200,15,19.9,,,,,,,,,
USW00094789,"JFK INTERNATIONAL AIRPORT, NY US",2017-10-28,11.63,,,,,,0,0,0,160,180,23,27.1,,,,,,,,,
USW00094789,"JFK INTERNATIONAL AIRPORT, NY US",2017-10-29,17.22,,,,,,2.84,0,0,240,140,38,46.1,1,,1,,,,,,
USW00094789,"JFK INTERNATIONAL AIRPORT, NY US",2017-10-30,19.91,,,,,,0.36,0,0,270,290,35.1,42.9,1,,,,,,,,
USW00094789,"JFK INTERNATIONAL AIRPORT, NY US",2017-10-31,14.99,,,,,,0,0,0,260,250,23,32,,,,,,,1,,
USW00094789,"JFK INTERNATIONAL AIRPORT, NY US",2017-11-01,5.82,,,,,,0,0,0,150,130,12.1,16.1,,,,,,,1,,
USW00094789,"JFK INTERNATIONAL AIRPORT, NY US",2017-11-02,9.4,,,,,,0,0,0,170,190,18.1,21.9,1,1,,,,,,,
USW00094789,"JFK INTERNATIONAL AIRPORT, NY US",2017-11-03,10.96,,,,,,0,0,0,340,340,28,33.1,1,,,,,,,,
USW00094789,"JFK INTERNATIONAL AIRPORT, NY US",2017-11-04,8.5,,,,,,0,0,0,360,360,21,25.9,,,,,,,,,
USW00094789,"JFK INTERNATIONAL AIRPORT, NY US",2017-11-05,8.72,,,,,,0.05,0,0,120,120,13,17,1,1,,,,,,,
USW00094789,"JFK INTERNATIONAL AIRPORT, NY US",2017-11-06,12.53,,,,,,0,0,0,310,330,21,28,1,1,,,,,,,
USW00094789,"JFK INTERNATIONAL AIRPORT, NY US",2017-11-07,12.08,,,,,,0.78,0,0,10,20,21,25.9,1,,,,,,,,
USW00094789,"JFK INTERNATIONAL AIRPORT, NY US",2017-11-08,10.96,,,,,,0,0,0,20,20,21,27.1,,,,,,,,,
USW00094789,"JFK INTERNATIONAL AIRPORT, NY US",2017-11-09,7.16,,,,,,0,0,0,240,210,17,21,,,,,,,,,
USW00094789,"JFK INTERNATIONAL AIRPORT, NY US",2017-11-10,20.8,,,,,,0,0,0,340,310,32,42.1,1,,,,,,,,
USW00094789,"JFK INTERNATIONAL AIRPORT, NY US",2017-11-11,8.72,,,,,,0,0,0,320,310,21.9,29.1,,,,,,,,,
USW00094789,"JFK INTERNATIONAL AIRPORT, NY US",2017-11-12,4.03,,,,,,0,0,0,200,210,8.1,10.1,,,,,,,,,
USW00094789,"JFK INTERNATIONAL AIRPORT, NY US",2017-11-13,8.95,,,,,,0.03,0,0,20,360,16.1,19,,,,,,,,,
USW00094789,"JFK INTERNATIONAL AIRPORT, NY US",2017-11-14,9.84,,,,,,0,0,0,30,30,16.1,18.1,,,,,,,,,
USW00094789,"JFK INTERNATIONAL AIRPORT, NY US",2017-11-15,9.17,,,,,,0,0,0,140,140,15,19,,,,,,,,,
USW00094789,"JFK INTERNATIONAL AIRPORT, NY US",2017-11-16,16.33,,,,,,0.13,0,0,270,270,31.1,38.9,1,,,,,,,,
USW00094789,"JFK INTERNATIONAL AIRPORT, NY US",2017-11-17,17.9,,,,,,0,0,0,320,330,30,38,,,,,,,,,
USW00094789,"JFK INTERNATIONAL AIRPORT, NY US",2017-11-18,13.2,,,,,,0.2,0,0,190,190,25.9,35.1,1,,,,,,1,,
USW00094789,"JFK INTERNATIONAL AIRPORT, NY US",2017-11-19,21.92,,,,,,0.25,0,0,300,300,36.9,50.1,1,,,,,,,,
USW00094789,"JFK INTERNATIONAL AIRPORT, NY US",2017-11-20,17.22,,,,,,0,0,0,270,280,25.9,32,,,,,,,,,
USW00094789,"JFK INTERNATIONAL AIRPORT, NY US",2017-11-21,14.76,,,,,,0,0,0,190,210,23,27.1,,,,,,,,,
USW00094789,"JFK INTERNATIONAL AIRPORT, NY US",2017-11-22,12.3,,,,,,0.35,0,0,310,300,30,38,1,,,,,,,,
USW00094789,"JFK INTERNATIONAL AIRPORT, NY US",2017-11-23,9.84,,,,,,0,0,0,310,340,23,25.9,,,,,,,,,
USW00094789,"JFK INTERNATIONAL AIRPORT, NY US",2017-11-24,8.05,,,,,,0,0,0,200,240,14.1,18.1,,,,,,,,,
USW00094789,"JFK INTERNATIONAL AIRPORT, NY US",2017-11-25,9.62,,,,,,0,0,0,230,240,16.1,18.1,,,,,,,,,
USW00094789,"JFK INTERNATIONAL AIRPORT, NY US",2017-11-26,15.21,,,,,,0,0,0,320,310,30,36.9,,,,,,,,,
USW00094789,"JFK INTERNATIONAL AIRPORT, NY US",2017-11-27,13.42,,,,,,0,0,0,300,310,23,28,,,,,,,,,
USW00094789,"JFK INTERNATIONAL AIRPORT, NY US",2017-11-28,9.84,,,,,,0,0,0,190,190,21,25.9,,,,,,,,,
USW00094789,"JFK INTERNATIONAL AIRPORT, NY US",2017-11-29,14.54,,,,,,0,0,0,330,340,25.9,32,,,,,,,,,
USW00094789,"JFK INTERNATIONAL AIRPORT, NY US",2017-11-30,6.71,,,,,,0.01,0,0,40,50,15,17,,,,,,,,,
USW00094789,"JFK INTERNATIONAL AIRPORT, NY US",2017-12-01,10.51,,,,,,0.01,0,0,320,320,21,25.9,,,,,,,,,
USW00094789,"JFK INTERNATIONAL AIRPORT, NY US",2017-12-02,4.25,,,,,,0,0,0,200,190,10.1,13,,,,,,,,,
USW00094789,"JFK INTERNATIONAL AIRPORT, NY US",2017-12-03,5.37,,,,,,0,0,0,70,60,8.9,11,,,,,,,,,
USW00094789,"JFK INTERNATIONAL AIRPORT, NY US",2017-12-04,7.61,,,,,,0,0,0,160,170,15,19,1,,,,,,,,
USW00094789,"JFK INTERNATIONAL AIRPORT, NY US",2017-12-05,19.46,,,,,,0.3,0,0,180,190,28,40,1,,,,,,,,
USW00094789,"JFK INTERNATIONAL AIRPORT, NY US",2017-12-06,14.76,,,,,,0.01,0,0,290,290,32,38.9,1,,,,,,,,
USW00094789,"JFK INTERNATIONAL AIRPORT, NY US",2017-12-07,16.33,,,,,,0,0,0,260,290,25.9,33.1,,,,,,,,,
USW00094789,"JFK INTERNATIONAL AIRPORT, NY US",2017-12-08,9.62,,,,,,0,0,0,270,280,16.1,21.9,,,,,,,,,
USW00094789,"JFK INTERNATIONAL AIRPORT, NY US",2017-12-09,8.72,,,,,,0.33,3.4,0,360,10,17,23,1,,,,,,,,
USW00094789,"JFK INTERNATIONAL AIRPORT, NY US",2017-12-10,15.66,,,,,,0,0,3.1,260,250,23.9,29.1,,,,,,,,,
USW00094789,"JFK INTERNATIONAL AIRPORT, NY US",2017-12-11,11.41,,,,,,0,0,2,250,250,25.9,32,,,,,,,,,
USW00094789,"JFK INTERNATIONAL AIRPORT, NY US",2017-12-12,19.01,,,,,,0,0,0,300,290,32,40.9,,,,,,,,,
USW00094789,"JFK INTERNATIONAL AIRPORT, NY US",2017-12-13,23.94,,,,,,0,0,0,280,290,36,45,,,,,,,,,
USW00094789,"JFK INTERNATIONAL AIRPORT, NY US",2017-12-14,12.08,,,,,,0.06,1.4,1.2,300,280,23.9,31.1,1,,,,,,,,
USW00094789,"JFK INTERNATIONAL AIRPORT, NY US",2017-12-15,6.71,,,,,,0.1,1.3,0,270,270,19.9,23,1,,,,,,,,
USW00094789,"JFK INTERNATIONAL AIRPORT, NY US",2017-12-16,15.21,,,,,,0,0,1.2,250,250,23.9,29.1,,,,,,,,,
USW00094789,"JFK INTERNATIONAL AIRPORT, NY US",2017-12-17,4.92,,,,,,0,0,0,340,330,13,16.1,,,,,,,,,
USW00094789,"JFK INTERNATIONAL AIRPORT, NY US",2017-12-18,7.61,,,,,,0.02,0,0,250,250,15,18.1,,,,,,,,,
USW00094789,"JFK INTERNATIONAL AIRPORT, NY US",2017-12-19,14.32,,,,,,0,0,0,260,250,25.9,33.1,,,,,,,,,
USW00094789,"JFK INTERNATIONAL AIRPORT, NY US",2017-12-20,16.11,,,,,,0,0,0,320,320,31.1,38,,,,,,,,,
USW00094789,"JFK INTERNATIONAL AIRPORT, NY US",2017-12-21,7.83,,,,,,0,0,0,330,330,16.1,21,,,,,,,,,
USW00094789,"JFK INTERNATIONAL AIRPORT, NY US",2017-12-22,7.16,,,,,,0,0,0,160,160,17,23,1,,,,,,,,
USW00094789,"JFK INTERNATIONAL AIRPORT, NY US",2017-12-23,9.62,,,,,,0.62,0,0,190,190,29.1,36,1,,,,,,,,
USW00094789,"JFK INTERNATIONAL AIRPORT, NY US",2017-12-24,12.97,,,,,,0,0,0,330,320,21,27.1,1,,,,,,,,
USW00094789,"JFK INTERNATIONAL AIRPORT, NY US",2017-12-25,22.37,,,,,,0.17,0,0,270,260,40,49,1,,,,,,,,
USW00094789,"JFK INTERNATIONAL AIRPORT, NY US",2017-12-26,17.45,,,,,,0,0,0,270,260,30,38.9,,,,,,,,,
USW00094789,"JFK INTERNATIONAL AIRPORT, NY US",2017-12-27,13.2,,,,,,0,0,0,320,310,23,29.1,,,,,,,,,
USW00094789,"JFK INTERNATIONAL AIRPORT, NY US",2017-12-28,19.46,,,,,,0,0,0,320,320,28,35.1,,,,,,,,,
USW00094789,"JFK INTERNATIONAL AIRPORT, NY US",2017-12-29,12.3,,,,,,0,0,0,290,310,21.9,25.1,,,,,,,,,
USW00094789,"JFK INTERNATIONAL AIRPORT, NY US",2017-12-30,9.17,,,,,,0.03,0.6,0,280,290,21,27.1,1,,,,,,,,
USW00094789,"JFK INTERNATIONAL AIRPORT, NY US",2017-12-31,18.57,,,,,636,0,0,0,310,310,31.1,38.9,,,,,,,,,
USW00094789,"JFK INTERNATIONAL AIRPORT, NY US",2018-01-01,17.67,,,,,,0,0,0,310,310,29.1,34,,,,,,,,,
USW00094789,"JFK INTERNATIONAL AIRPORT, NY US",2018-01-02,15.66,,,,,,0,0,0,260,270,23,29.1,,,,,,,,,
USW00094789,"JFK INTERNATIONAL AIRPORT, NY US",2018-01-03,8.28,,,,,,0,0,0,260,270,19.9,23,,,,,,,,,
USW00094789,"JFK INTERNATIONAL AIRPORT, NY US",2018-01-04,28.19,,,,,,0.49,8,1.2,340,330,44.1,55,1,1,,,,,,1,
USW00094789,"JFK INTERNATIONAL AIRPORT, NY US",2018-01-05,25.05,,,,,,0,0,7.9,290,290,36,46.1,,,,,,,,1,
USW00094789,"JFK INTERNATIONAL AIRPORT, NY US",2018-01-06,22.15,,,,,,0,0,7.9,300,270,31.1,38.9,,,,,,,,,
USW00094789,"JFK INTERNATIONAL AIRPORT, NY US",2018-01-07,13.87,,,,,,0,0,7.9,320,320,23.9,31.1,,,,,,,,,
USW00094789,"JFK INTERNATIONAL AIRPORT, NY US",2018-01-08,13.42,,,,,,0.02,0,7.9,230,220,23,25.9,,,,1,,1,,,
USW00094789,"JFK INTERNATIONAL AIRPORT, NY US",2018-01-09,13.42,,,,,,0,0,7.1,310,310,25.9,30,,,,,,,,,
USW00094789,"JFK INTERNATIONAL AIRPORT, NY US",2018-01-10,4.92,,,,,,0,0,5.1,170,130,8.9,12.1,,,,,,,,,
USW00094789,"JFK INTERNATIONAL AIRPORT, NY US",2018-01-11,2.91,,,,,,0,0,3.1,190,180,13,16.1,1,,,,,,,,
USW00094789,"JFK INTERNATIONAL AIRPORT, NY US",2018-01-12,16.11,,,,,,0.45,0,1.2,170,170,29.1,38,1,1,,,,,,,
USW00094789,"JFK INTERNATIONAL AIRPORT, NY US",2018-01-13,20.58,,,,,,0.08,0,0,180,180,33.1,40,1,1,,,,,,,
USW00094789,"JFK INTERNATIONAL AIRPORT, NY US",2018-01-14,15.66,,,,,,0,0,0,330,10,23,27.1,,,,,,,,,
USW00094789,"JFK INTERNATIONAL AIRPORT, NY US",2018-01-15,11.86,,,,,,0,0,0,30,40,19.9,23.9,,,,,,,,,
USW00094789,"JFK INTERNATIONAL AIRPORT, NY US",2018-01-16,6.26,,,,,,0,0,0,30,90,10.1,12.1,,,,,,,,,
USW00094789,"JFK INTERNATIONAL AIRPORT, NY US",2018-01-17,11.41,,,,,,0.22,0.2,0,320,320,19.9,23,1,,,,,,,,
USW00094789,"JFK INTERNATIONAL AIRPORT, NY US",2018-01-18,14.99,,,,,,0,0,0,330,330,21,27.1,,,,,,,,,
USW00094789,"JFK INTERNATIONAL AIRPORT, NY US",2018-01-19,10.29,,,,,,0,0,0,260,260,16.1,19.9,,,,,,,,,
USW00094789,"JFK INTERNATIONAL AIRPORT, NY US",2018-01-20,13.42,,,,,,0,0,0,270,270,25.1,31.1,,,,,,,,,
USW00094789,"JFK INTERNATIONAL AIRPORT, NY US",2018-01-21,6.71,,,,,,0,0,0,340,330,14.1,17,,,,,,,,,
USW00094789,"JFK INTERNATIONAL AIRPORT, NY US",2018-01-22,5.37,,,,,,0,0,0,80,90,16.1,19.9,1,1,,,,,,,
USW00094789,"JFK INTERNATIONAL AIRPORT, NY US",2018-01-23,14.09,,,,,,0.22,0,0,210,210,30,36.9,1,1,1,,,,,,
USW00094789,"JFK INTERNATIONAL AIRPORT, NY US",2018-01-24,17.22,,,,,,0,0,0,310,290,25.1,32,,,,,,,,,
USW00094789,"JFK INTERNATIONAL AIRPORT, NY US",2018-01-25,15.43,,,,,,0,0,0,320,310,23.9,31.1,,,,,,,,,
USW00094789,"JFK INTERNATIONAL AIRPORT, NY US",2018-01-26,8.5,,,,,,0,0,0,200,190,16.1,19,,,,,,,,,
USW00094789,"JFK INTERNATIONAL AIRPORT, NY US",2018-01-27,11.86,,,,,,0,0,0,190,190,21.9,25.9,,,,,,,,,
USW00094789,"JFK INTERNATIONAL AIRPORT, NY US",2018-01-28,5.14,,,,,,0.26,0,0,190,190,15,19,1,,,,,,,,
USW00094789,"JFK INTERNATIONAL AIRPORT, NY US",2018-01-29,15.21,,,,,,0,0.1,0,40,50,21.9,28,1,,,,,,,,
USW00094789,"JFK INTERNATIONAL AIRPORT, NY US",2018-01-30,15.21,,,,,,0.1,1.4,1.2,320,330,29.1,36.9,1,,,,,,,,
USW00094789,"JFK INTERNATIONAL AIRPORT, NY US",2018-01-31,13.87,,,,,,0,0,0,210,210,23.9,29.1,,,,,,,,,
USW00094789,"JFK INTERNATIONAL AIRPORT, NY US",2018-02-01,8.28,,,,,,0.05,0,0,210,210,16.1,19.9,1,,,,,,,,
USW00094789,"JFK INTERNATIONAL AIRPORT, NY US",2018-02-02,20.13,,,,,,0.21,0,0,310,320,35.1,44.1,1,,,,,,,,
USW00094789,"JFK INTERNATIONAL AIRPORT, NY US",2018-02-03,15.66,,,,,,0,0,0,310,310,29.1,38,,,,,,,,,
USW00094789,"JFK INTERNATIONAL AIRPORT, NY US",2018-02-04,10.29,,,,,,0.96,0,0,320,330,21.9,23.9,1,,,,,,,,
USW00094789,"JFK INTERNATIONAL AIRPORT, NY US",2018-02-05,15.43,,,,,,0,0,0,310,310,32,38.9,1,,,,,,,,
USW00094789,"JFK INTERNATIONAL AIRPORT, NY US",2018-02-06,5.82,,,,,,0,0,0,270,220,13,14.1,,,,,,,,,
USW00094789,"JFK INTERNATIONAL AIRPORT, NY US",2018-02-07,12.53,,,,,,0.84,0.3,0,310,310,35.1,46.1,1,,,1,,1,,,
USW00094789,"JFK INTERNATIONAL AIRPORT, NY US",2018-02-08,13.42,,,,,,0,0,0,330,330,28,35.1,,,,,,,,,
USW00094789,"JFK INTERNATIONAL AIRPORT, NY US",2018-02-09,10.07,,,,,,0,0,0,180,180,21.9,25.9,,,,,,,,,
USW00094789,"JFK INTERNATIONAL AIRPORT, NY US",2018-02-10,4.47,,,,,,0.27,0,0,270,270,12.1,17,1,1,,,,,,,
USW00094789,"JFK INTERNATIONAL AIRPORT, NY US",2018-02-11,8.95,,,,,,1.13,0,0,190,190,25.1,31.1,1,1,,,,,,,
USW00094789,"JFK INTERNATIONAL AIRPORT, NY US",2018-02-12,14.76,,,,,,0,0,0,320,330,25.9,32,1,1,,,,,,,
USW00094789,"JFK INTERNATIONAL AIRPORT, NY US",2018-02-13,9.84,,,,,,0,0,0,350,360,23,28,,,,,,,,,
USW00094789,"JFK INTERNATIONAL AIRPORT, NY US",2018-02-14,8.95,,,,,,0.06,0,0,190,190,16.1,19,1,,,,,,,,
USW00094789,"JFK INTERNATIONAL AIRPORT, NY US",2018-02-15,5.82,,,,,,0.15,0,0,200,230,13,14.1,1,,,,,,,,
USW00094789,"JFK INTERNATIONAL AIRPORT, NY US",2018-02-16,13.42,,,,,,0.11,0,0,330,330,36,42.9,1,1,,,,,,,
USW00094789,"JFK INTERNATIONAL AIRPORT, NY US",2018-02-17,9.62,,,,,,0.48,2.2,0,310,300,21,23.9,1,,,,,,,,
USW00094789,"JFK INTERNATIONAL AIRPORT, NY US",2018-02-18,10.74,,,,,,0.02,0.1,2,330,310,32,40,1,,,,,,,,
USW00094789,"JFK INTERNATIONAL AIRPORT, NY US",2018-02-19,8.5,,,,,,0.01,0,0,170,160,16.1,19,1,1,,,,,,,
USW00094789,"JFK INTERNATIONAL AIRPORT, NY US",2018-02-20,6.93,,,,,,0,0,0,250,230,16.1,21,1,1,,,,,,,
USW00094789,"JFK INTERNATIONAL AIRPORT, NY US",2018-02-21,8.95,,,,,,0.03,0,0,330,340,19.9,23,1,1,,,,,,,
USW00094789,"JFK INTERNATIONAL AIRPORT, NY US",2018-02-22,13.87,,,,,,0.11,0,0,50,40,23,30,1,,,,,,,,
USW00094789,"JFK INTERNATIONAL AIRPORT, NY US",2018-02-23,8.95,,,,,,0.12,0,0,100,100,16.1,21,1,,,,,,,,
USW00094789,"JFK INTERNATIONAL AIRPORT, NY US",2018-02-24,9.4,,,,,,0.08,0,0,40,40,17,21,1,,,,,,,,
USW00094789,"JFK INTERNATIONAL AIRPORT, NY US",2018-02-25,11.63,,,,,,1.3,0,0,80,90,25.9,36,1,,,,,,,,
USW00094789,"JFK INTERNATIONAL AIRPORT, NY US",2018-02-26,8.72,,,,,,0,0,0,330,330,21,31.1,1,,,,,,,,
USW00094789,"JFK INTERNATIONAL AIRPORT, NY US",2018-02-27,11.63,,,,,,0,0,0,190,180,21,25.9,,,,,,,,,
USW00094789,"JFK INTERNATIONAL AIRPORT, NY US",2018-02-28,8.5,,,,,,0,0,0,200,190,15,18.1,,,,,,,,,
USW00094789,"JFK INTERNATIONAL AIRPORT, NY US",2018-03-01,8.72,,,,,,0.57,0,0,80,60,23,29.1,1,,,,,,,,
USW00094789,"JFK INTERNATIONAL AIRPORT, NY US",2018-03-02,29.97,,,,,,2.16,0,0,330,340,51,66,1,,,1,,,,,
USW00094789,"JFK INTERNATIONAL AIRPORT, NY US",2018-03-03,28.41,,,,,,0,0,0,350,340,38.9,51,,,,,,,,,
USW00094789,"JFK INTERNATIONAL AIRPORT, NY US",2018-03-04,21.7,,,,,,0,0,0,360,20,30,38.9,,,,,,,,,
USW00094789,"JFK INTERNATIONAL AIRPORT, NY US",2018-03-05,19.46,,,,,,0,0.1,0,350,340,29.1,34,,,,,,,,,
USW00094789,"JFK INTERNATIONAL AIRPORT, NY US",2018-03-06,10.29,,,,,,0,0,0,110,110,18.1,23,,,,,,,,,
USW00094789,"JFK INTERNATIONAL AIRPORT, NY US",2018-03-07,18.57,,,,,,1.02,2.8,0,360,360,36,47,1,1,,,,,,,
USW00094789,"JFK INTERNATIONAL AIRPORT, NY US",2018-03-08,15.21,,,,,,0,0,1.2,270,270,21.9,25.9,1,,,,,,,,
USW00094789,"JFK INTERNATIONAL AIRPORT, NY US",2018-03-09,18.79,,,,,,0,0,0,270,290,30,36.9,,,,,,,,,
USW00094789,"JFK INTERNATIONAL AIRPORT, NY US",2018-03-10,16.33,,,,,,0,0,0,270,270,23.9,30,,,,,,,,,
USW00094789,"JFK INTERNATIONAL AIRPORT, NY US",2018-03-11,11.63,,,,,,0,0,0,300,320,23,28,,,,,,,,,
USW00094789,"JFK INTERNATIONAL AIRPORT, NY US",2018-03-12,13.42,,,,,,0.03,0,0,60,60,23.9,30,,,,,,,,,
USW00094789,"JFK INTERNATIONAL AIRPORT, NY US",2018-03-13,20.13,,,,,,0.21,1.2,1.2,310,310,31.1,38,1,,,,,,,,
USW00094789,"JFK INTERNATIONAL AIRPORT, NY US",2018-03-14,22.59,,,,,,0,0,0,270,270,32,38.9,,,,,,,,,
USW00094789,"JFK INTERNATIONAL AIRPORT, NY US",2018-03-15,19.69,,,,,,0,0,0,260,290,28,35.1,,,,,,,,,
USW00094789,"JFK INTERNATIONAL AIRPORT, NY US",2018-03-16,20.58,,,,,,0,0,0,310,320,33.1,40,,,,,,,,,
USW00094789,"JFK INTERNATIONAL AIRPORT, NY US",2018-03-17,16.55,,,,,,0,0,0,270,270,28,34,,,,,,,,,
USW00094789,"JFK INTERNATIONAL AIRPORT, NY US",2018-03-18,13.2,,,,,,0,0,0,330,330,28,33.1,,,,,,,,,
USW00094789,"JFK INTERNATIONAL AIRPORT, NY US",2018-03-19,6.93,,,,,,0,0,0,320,10,16.1,21,,,,,,,,,
USW00094789,"JFK INTERNATIONAL AIRPORT, NY US",2018-03-20,11.86,,,,,,0.03,0,0,50,50,21.9,27.1,,,,1,,,,,
USW00094789,"JFK INTERNATIONAL AIRPORT, NY US",2018-03-21,19.01,,,,,,0.88,8.4,0,40,40,32,40,1,,,1,,,,,
USW00094789,"JFK INTERNATIONAL AIRPORT, NY US",2018-03-22,17.67,,,,,,0.03,0.3,9.1,340,330,25.1,33.1,1,,,,,,,,
USW00094789,"JFK INTERNATIONAL AIRPORT, NY US",2018-03-23,12.08,,,,,,0,0,5.1,340,340,23,32,,,,,,,,,
USW00094789,"JFK INTERNATIONAL AIRPORT, NY US",2018-03-24,12.97,,,,,,0,0,2,330,330,19.9,25.1,,,,,,,,,
USW00094789,"JFK INTERNATIONAL AIRPORT, NY US",2018-03-25,13.2,,,,,,0,0,0,50,60,23,29.1,,,,,,,,,
USW00094789,"JFK INTERNATIONAL AIRPORT, NY US",2018-03-26,8.95,,,,,,0,0,0,50,60,21,25.9,,,,,,,,,
USW00094789,"JFK INTERNATIONAL AIRPORT, NY US",2018-03-27,6.26,,,,,,0,0,0,70,70,13,17,,,,,,,,,
USW00094789,"JFK INTERNATIONAL AIRPORT, NY US",2018-03-28,7.38,,,,,,0.03,0,0,210,210,16.1,18.1,1,,,,,,,,
USW00094789,"JFK INTERNATIONAL AIRPORT, NY US",2018-03-29,5.59,,,,,,0.03,0,0,100,100,15,18.1,1,1,,,,,,,
USW00094789,"JFK INTERNATIONAL AIRPORT, NY US",2018-03-30,13.87,,,,,,0.09,0,0,320,330,23.9,31.1,1,,,,,,,,
USW00094789,"JFK INTERNATIONAL AIRPORT, NY US",2018-03-31,15.88,,,,,,0,0,0,190,190,25.1,32,,,,,,,,,
USW00094789,"JFK INTERNATIONAL AIRPORT, NY US",2018-04-01,12.75,,,,,,0,0,0,190,190,23.9,28,,,,,,,,,
USW00094789,"JFK INTERNATIONAL AIRPORT, NY US",2018-04-02,9.4,,,,,,0.33,3.7,2,20,360,18.1,21.9,1,,,,,,,,
USW00094789,"JFK INTERNATIONAL AIRPORT, NY US",2018-04-03,8.05,,,,,,0.14,0,0,110,130,17,19.9,1,,,,,,,,
USW00094789,"JFK INTERNATIONAL AIRPORT, NY US",2018-04-04,17.45,,,,,,0.17,0,0,270,270,38,52.1,1,1,,,,,,,
USW00094789,"JFK INTERNATIONAL AIRPORT, NY US",2018-04-05,18.34,,,,,,0,0,0,270,300,29.1,38,,,,,,,,,
USW00094789,"JFK INTERNATIONAL AIRPORT, NY US",2018-04-06,12.08,,,,,,0.08,0,0,190,190,30,35.1,1,,,,,,,,
USW00094789,"JFK INTERNATIONAL AIRPORT, NY US",2018-04-07,12.97,,,,,,0,0,0,320,310,25.1,30,,,,,,,,,
USW00094789,"JFK INTERNATIONAL AIRPORT, NY US",2018-04-08,17.67,,,,,,0,0,0,300,290,29.1,38,,,,,,,,,
USW00094789,"JFK INTERNATIONAL AIRPORT, NY US",2018-04-09,12.53,,,,,,0,0,0,180,190,21.9,25.9,,,,,,,,,
USW00094789,"JFK INTERNATIONAL AIRPORT, NY US",2018-04-10,10.51,,,,,,0.01,0,0,330,300,19.9,28,1,,,,,,1,,
USW00094789,"JFK INTERNATIONAL AIRPORT, NY US",2018-04-11,10.29,,,,,,0,0,0,180,180,21,23,,,,,,,,,
USW00094789,"JFK INTERNATIONAL AIRPORT, NY US",2018-04-12,13.87,,,,,,0,0,0,190,190,31.1,38,,,,,,,,,
USW00094789,"JFK INTERNATIONAL AIRPORT, NY US",2018-04-13,12.75,,,,,,0,0,0,190,170,21,25.1,,,,,,,,,
USW00094789,"JFK INTERNATIONAL AIRPORT, NY US",2018-04-14,12.3,,,,,,0,0,0,80,90,32,40.9,1,,,,,,1,,
USW00094789,"JFK INTERNATIONAL AIRPORT, NY US",2018-04-15,20.36,,,,,,0.25,0,0,70,60,28,36,1,,,,,,,,
USW00094789,"JFK INTERNATIONAL AIRPORT, NY US",2018-04-16,24.16,,,,,,1.53,0,0,120,120,40.9,50.1,1,,1,,,,,,
USW00094789,"JFK INTERNATIONAL AIRPORT, NY US",2018-04-17,17.9,,,,,,0,0,0,270,290,25.9,33.1,,,,,,,,,
USW00094789,"JFK INTERNATIONAL AIRPORT, NY US",2018-04-18,14.99,,,,,,0,0,0,230,260,23,28,,,,,,,,,
USW00094789,"JFK INTERNATIONAL AIRPORT, NY US",2018-04-19,14.09,,,,,,0.15,0,0,310,300,29.1,36.9,1,,,,,,,,
USW00094789,"JFK INTERNATIONAL AIRPORT, NY US",2018-04-20,18.79,,,,,,0,0,0,320,310,28,34,,,,,,,,,
USW00094789,"JFK INTERNATIONAL AIRPORT, NY US",2018-04-21,11.63,,,,,,0,0,0,190,200,23,28,,,,,,,,,
USW00094789,"JFK INTERNATIONAL AIRPORT, NY US",2018-04-22,10.51,,,,,,0,0,0,190,190,23,27.1,,,,,,,,,
USW00094789,"JFK INTERNATIONAL AIRPORT, NY US",2018-04-23,8.28,,,,,,0,0,0,130,130,18.1,21,,,,,,,,,
USW00094789,"JFK INTERNATIONAL AIRPORT, NY US",2018-04-24,12.3,,,,,,0,0,0,140,140,23,28,1,,,,,,,,
USW00094789,"JFK INTERNATIONAL AIRPORT, NY US",2018-04-25,11.63,,,,,,0.34,0,0,100,100,25.1,34,1,1,,,,,,,
USW00094789,"JFK INTERNATIONAL AIRPORT, NY US",2018-04-26,12.53,,,,,,0.04,0,0,310,320,23,29.1,1,,,,,,,,
USW00094789,"JFK INTERNATIONAL AIRPORT, NY US",2018-04-27,8.5,,,,,,0.12,0,0,90,100,21.9,28,1,,,,,,,,
USW00094789,"JFK INTERNATIONAL AIRPORT, NY US",2018-04-28,9.62,,,,,,0.01,0,0,300,300,19.9,23,1,1,,,,,1,,
USW00094789,"JFK INTERNATIONAL AIRPORT, NY US",2018-04-29,14.76,,,,,,0.13,0,0,320,320,25.9,32,1,,,,,,,,
USW00094789,"JFK INTERNATIONAL AIRPORT, NY US",2018-04-30,16.11,,,,,,0,0,0,330,320,32,40,,,,,,,,,
USW00094789,"JFK INTERNATIONAL AIRPORT, NY US",2018-05-01,10.51,,,,,,0,0,0,320,320,21.9,28,,,,,,,,,
USW00094789,"JFK INTERNATIONAL AIRPORT, NY US",2018-05-02,11.41,,,,,,0,0,0,230,250,21,28,,,,,,,,,
USW00094789,"JFK INTERNATIONAL AIRPORT, NY US",2018-05-03,11.41,,,,,,0,0,0,320,320,21.9,27.1,,,,,,,,,
USW00094789,"JFK INTERNATIONAL AIRPORT, NY US",2018-05-04,12.53,,,,,,0,0,0,190,280,28,35.1,1,,,,,,,,
USW00094789,"JFK INTERNATIONAL AIRPORT, NY US",2018-05-05,14.32,,,,,,0,0,0,330,330,25.9,34,,,,,,,,,
USW00094789,"JFK INTERNATIONAL AIRPORT, NY US",2018-05-06,7.38,,,,,,0,0,0,30,50,18.1,21.9,,,,,,,,,
USW00094789,"JFK INTERNATIONAL AIRPORT, NY US",2018-05-07,8.5,,,,,,0,0,0,140,140,16.1,19.9,,,,,,,,,
USW00094789,"JFK INTERNATIONAL AIRPORT, NY US",2018-05-08,6.71,,,,,,0,0,0,140,,15,,,,,,,,,,
USW00094789,"JFK INTERNATIONAL AIRPORT, NY US",2018-05-09,6.49,,,,,,0,0,0,150,,14.1,,1,1,,,,,,,
USW00094789,"JFK INTERNATIONAL AIRPORT, NY US",2018-05-10,8.28,,,,,,0.01,0,0,180,170,23,29.1,1,1,1,,,,,,
USW00094789,"JFK INTERNATIONAL AIRPORT, NY US",2018-05-11,11.41,,,,,,0,0,0,330,330,18.1,28,,,,,,,,,
USW00094789,"JFK INTERNATIONAL AIRPORT, NY US",2018-05-12,8.05,,,,,,0.25,0,0,120,130,16.1,18.1,1,,,,,,,,
USW00094789,"JFK INTERNATIONAL AIRPORT, NY US",2018-05-13,8.05,,,,,,0.16,0,0,100,100,17,21.9,1,,,,,,,,
USW00094789,"JFK INTERNATIONAL AIRPORT, NY US",2018-05-14,7.16,,,,,,0.12,0,0,170,170,15,18.1,1,1,,,,,,,
USW00094789,"JFK INTERNATIONAL AIRPORT, NY US",2018-05-15,10.96,,,,,,0.44,0,0,290,290,44.1,55,1,1,1,,,,,,
USW00094789,"JFK INTERNATIONAL AIRPORT, NY US",2018-05-16,10.07,,,,,,0.33,0,0,90,100,21.9,29.1,1,,,,,,,,
USW00094789,"JFK INTERNATIONAL AIRPORT, NY US",2018-05-17,5.37,,,,,,0.72,0,0,30,30,14.1,16.1,1,,,,,,,,
USW00094789,"JFK INTERNATIONAL AIRPORT, NY US",2018-05-18,12.08,,,,,,0,0,0,60,60,23.9,33.1,1,1,,,,,,,
USW00094789,"JFK INTERNATIONAL AIRPORT, NY US",2018-05-19,8.95,,,,,,0.75,0,0,80,90,21,25.9,1,1,,,,,,,
USW00094789,"JFK INTERNATIONAL AIRPORT, NY US",2018-05-20,12.97,,,,,,0,0,0,340,320,23,32,1,1,,,,,,,
USW00094789,"JFK INTERNATIONAL AIRPORT, NY US",2018-05-21,9.62,,,,,,0,0,0,360,360,19.9,23.9,,,,,,,,,
USW00094789,"JFK INTERNATIONAL AIRPORT, NY US",2018-05-22,5.59,,,,,,0.17,0,0,170,170,14.1,16.1,1,,,,,,,,
USW00094789,"JFK INTERNATIONAL AIRPORT, NY US",2018-05-23,8.72,,,,,,0.2,0,0,340,310,18.1,23.9,1,,1,,,,,,
USW00094789,"JFK INTERNATIONAL AIRPORT, NY US",2018-05-24,11.41,,,,,,0,0,0,190,190,23,29.1,,,,,,,,,
USW00094789,"JFK INTERNATIONAL AIRPORT, NY US",2018-05-25,12.75,,,,,,0,0,0,230,240,21,25.1,,,,,,,,,
USW00094789,"JFK INTERNATIONAL AIRPORT, NY US",2018-05-26,8.5,,,,,,0,0,0,190,190,19.9,23,,,,,,,,,
USW00094789,"JFK INTERNATIONAL AIRPORT, NY US",2018-05-27,13.42,,,,,,0.89,0,0,50,60,25.9,32,1,,1,,,,,,
USW00094789,"JFK INTERNATIONAL AIRPORT, NY US",2018-05-28,7.61,,,,,,0,0,0,170,180,15,19,,,,,,,,,
USW00094789,"JFK INTERNATIONAL AIRPORT, NY US",2018-05-29,8.05,,,,,,0,0,0,190,190,15,17,,,,,,,,,
USW00094789,"JFK INTERNATIONAL AIRPORT, NY US",2018-05-30,8.05,,,,,,0,0,0,130,120,17,21,1,1,,,,,,,
USW00094789,"JFK INTERNATIONAL AIRPORT, NY US",2018-05-31,6.71,,,,,,0.03,0,0,140,110,14.1,17,1,1,,,,,,,
USW00094789,"JFK INTERNATIONAL AIRPORT, NY US",2018-06-01,4.7,,,,,,1.18,0,0,160,160,10.1,13,1,1,,,,,,,
USW00094789,"JFK INTERNATIONAL AIRPORT, NY US",2018-06-02,10.07,,,,,,0,0,0,90,80,23,29.1,1,,1,,,,,,
USW00094789,"JFK INTERNATIONAL AIRPORT, NY US",2018-06-03,15.88,,,,,,0.11,0,0,100,100,25.1,32,1,,,,,,,,
USW00094789,"JFK INTERNATIONAL AIRPORT, NY US",2018-06-04,8.5,,,,,,0.61,0,0,10,20,17,23.9,1,,,,,,,,
USW00094789,"JFK INTERNATIONAL AIRPORT, NY US",2018-06-05,9.84,,,,,,0,0,0,270,260,21,28,1,,,,,,,,
USW00094789,"JFK INTERNATIONAL AIRPORT, NY US",2018-06-06,8.72,,,,,,0,0,0,30,30,16.1,19.9,,,,,,,,,
USW00094789,"JFK INTERNATIONAL AIRPORT, NY US",2018-06-07,8.95,,,,,,0,0,0,150,150,17,19,,,,,,,,,
USW00094789,"JFK INTERNATIONAL AIRPORT, NY US",2018-06-08,9.4,,,,,,0,0,0,190,180,18.1,21.9,,,,,,,,,
USW00094789,"JFK INTERNATIONAL AIRPORT, NY US",2018-06-09,6.49,,,,,,0,0,0,140,10,13,18.1,,,,,,,,,
USW00094789,"JFK INTERNATIONAL AIRPORT, NY US",2018-06-10,6.04,,,,,,0.02,0,0,60,30,14.1,17,,,,,,,,,
USW00094789,"JFK INTERNATIONAL AIRPORT, NY US",2018-06-11,8.05,,,,,,0.02,0,0,110,130,18.1,21.9,,,,,,,,,
USW00094789,"JFK INTERNATIONAL AIRPORT, NY US",2018-06-12,10.51,,,,,,0,0,0,180,180,23,28,,,,,,,,,
USW00094789,"JFK INTERNATIONAL AIRPORT, NY US",2018-06-13,11.18,,,,,,0.04,0,0,230,220,19.9,25.9,1,,,,,,,,
USW00094789,"JFK INTERNATIONAL AIRPORT, NY US",2018-06-14,17.22,,,,,,0,0,0,270,250,25.1,35.1,,,,,,,,,
USW00094789,"JFK INTERNATIONAL AIRPORT, NY US",2018-06-15,12.3,,,,,,0,0,0,310,310,25.1,32,,,,,,,,,
USW00094789,"JFK INTERNATIONAL AIRPORT, NY US",2018-06-16,10.07,,,,,,0,0,0,200,200,21,23.9,,,,,,,,,
USW00094789,"JFK INTERNATIONAL AIRPORT, NY US",2018-06-17,8.5,,,,,,0,0,0,180,180,16.1,21,,,,,,,,,
USW00094789,"JFK INTERNATIONAL AIRPORT, NY US",2018-06-18,13.87,,,,,,0.43,0,0,250,260,35.1,44.1,1,,1,,,,,,
USW00094789,"JFK INTERNATIONAL AIRPORT, NY US",2018-06-19,10.07,,,,,,0.02,0,0,270,270,23,27.1,,,,,,,1,,
USW00094789,"JFK INTERNATIONAL AIRPORT, NY US",2018-06-20,8.5,,,,,,0.01,0,0,180,180,18.1,21.9,1,,,,,,,,
USW00094789,"JFK INTERNATIONAL AIRPORT, NY US",2018-06-21,7.83,,,,,,0.28,0,0,20,10,16.1,21,1,,,,,,,,
USW00094789,"JFK INTERNATIONAL AIRPORT, NY US",2018-06-22,11.18,,,,,,0.04,0,0,120,130,21,25.1,1,,,,,,,,
USW00094789,"JFK INTERNATIONAL AIRPORT, NY US",2018-06-23,8.05,,,,,,0,0,0,50,90,16.1,21.9,,,,,,,,,
USW00094789,"JFK INTERNATIONAL AIRPORT, NY US",2018-06-24,9.62,,,,,,0.17,0,0,20,190,21,25.1,1,,1,,,,,,
USW00094789,"JFK INTERNATIONAL AIRPORT, NY US",2018-06-25,11.41,,,,,,0,0,0,330,330,25.1,34,,,,,,,,,
USW00094789,"JFK INTERNATIONAL AIRPORT, NY US",2018-06-26,11.63,,,,,,0,0,0,180,190,18.1,23.9,,,,,,,,,
USW00094789,"JFK INTERNATIONAL AIRPORT, NY US",2018-06-27,12.53,,,,,,0.02,0,0,180,150,21,25.9,1,,,,,,,,
USW00094789,"JFK INTERNATIONAL AIRPORT, NY US",2018-06-28,11.18,,,,,,0.93,0,0,170,170,23.9,31.1,1,,1,,,,,,
USW00094789,"JFK INTERNATIONAL AIRPORT, NY US",2018-06-29,8.95,,,,,,0,0,0,230,290,18.1,23,,,,,,,,,
USW00094789,"JFK INTERNATIONAL AIRPORT, NY US",2018-06-30,6.93,,,,,,0,0,0,190,190,15,18.1,,,,,,,,,
USW00094789,"JFK INTERNATIONAL AIRPORT, NY US",2018-07-01,6.71,,,,,,0,0,0,180,180,13,16.1,,,,,,,,,
USW00094789,"JFK INTERNATIONAL AIRPORT, NY US",2018-07-02,6.93,,,,,,0,0,0,160,150,16.1,19.9,,,,,,,,,
USW00094789,"JFK INTERNATIONAL AIRPORT, NY US",2018-07-03,6.49,,,,,,0.01,0,0,170,180,14.1,17,1,1,,,,,,,
USW00094789,"JFK INTERNATIONAL AIRPORT, NY US",2018-07-04,6.71,,,,,,0,0,0,160,160,14.1,15,1,,,,,,,,
USW00094789,"JFK INTERNATIONAL AIRPORT, NY US",2018-07-05,12.75,,,,,,0,0,0,180,180,28,33.1,,,,,,,,,
USW00094789,"JFK INTERNATIONAL AIRPORT, NY US",2018-07-06,13.2,,,,,,0.11,0,0,360,360,30,36.9,1,,1,,,,,,
USW00094789,"JFK INTERNATIONAL AIRPORT, NY US",2018-07-07,10.07,,,,,,0,0,0,360,360,25.1,34,,,,,,,,,
USW00094789,"JFK INTERNATIONAL AIRPORT, NY US",2018-07-08,6.71,,,,,,0,0,0,170,190,13,17,,,,,,,,,
USW00094789,"JFK INTERNATIONAL AIRPORT, NY US",2018-07-09,11.41,,,,,,0,0,0,180,180,21.9,25.9,,,,,,,,,
USW00094789,"JFK INTERNATIONAL AIRPORT, NY US",2018-07-10,9.62,,,,,,0,0,0,180,190,18.1,21.9,,,,,,,,,
USW00094789,"JFK INTERNATIONAL AIRPORT, NY US",2018-07-11,10.07,,,,,,0,0,0,360,360,18.1,23,,,,,,,,,
USW00094789,"JFK INTERNATIONAL AIRPORT, NY US",2018-07-12,7.16,,,,,,0,0,0,160,320,13,17,,,,,,,,,
USW00094789,"JFK INTERNATIONAL AIRPORT, NY US",2018-07-13,9.84,,,,,,0,0,0,180,170,17,19.9,,,,,,,,,
USW00094789,"JFK INTERNATIONAL AIRPORT, NY US",2018-07-14,12.08,,,,,,0.28,0,0,330,330,33.1,40.9,1,,1,,,,,,
USW00094789,"JFK INTERNATIONAL AIRPORT, NY US",2018-07-15,9.17,,,,,,0.6,0,0,300,300,17,21,1,,1,,,,,,
USW00094789,"JFK INTERNATIONAL AIRPORT, NY US",2018-07-16,11.18,,,,,,0,0,0,180,170,23.9,30,1,,,,,,1,,
USW00094789,"JFK INTERNATIONAL AIRPORT, NY US",2018-07-17,10.51,,,,,,0.68,0,0,330,340,25.1,33.1,1,,1,,,,,,
USW00094789,"JFK INTERNATIONAL AIRPORT, NY US",2018-07-18,12.75,,,,,,0,0,0,360,360,23.9,29.1,,,,,,,,,
USW00094789,"JFK INTERNATIONAL AIRPORT, NY US",2018-07-19,8.72,,,,,,0,0,0,170,170,14.1,16.1,,,,,,,,,
USW00094789,"JFK INTERNATIONAL AIRPORT, NY US",2018-07-20,8.5,,,,,,0,0,0,150,150,16.1,19.9,,,,,,,,,
USW00094789,"JFK INTERNATIONAL AIRPORT, NY US",2018-07-21,14.32,,,,,,0.58,0,0,90,70,28,36,1,,,,,,,,
USW00094789,"JFK INTERNATIONAL AIRPORT, NY US",2018-07-22,19.01,,,,,,0.93,0,0,90,100,33.1,44.1,1,,,,,,,,
USW00094789,"JFK INTERNATIONAL AIRPORT, NY US",2018-07-23,16.78,,,,,,0.07,0,0,140,150,23.9,33.1,1,,,,,,,,
USW00094789,"JFK INTERNATIONAL AIRPORT, NY US",2018-07-24,17.22,,,,,,0,0,0,140,150,23,31.1,,,,,,,,,
USW00094789,"JFK INTERNATIONAL AIRPORT, NY US",2018-07-25,15.66,,,,,,0.3,0,0,160,160,25.1,32,1,,,,,,,,
USW00094789,"JFK INTERNATIONAL AIRPORT, NY US",2018-07-26,10.96,,,,,,0,0,0,180,210,17,21,,,,,,,,,
USW00094789,"JFK INTERNATIONAL AIRPORT, NY US",2018-07-27,7.61,,,,,,1.17,0,0,260,260,33.1,40,1,,1,,,,,,
USW00094789,"JFK INTERNATIONAL AIRPORT, NY US",2018-07-28,6.71,,,,,,0,0,0,190,190,17,19.9,,,,,,,,,
USW00094789,"JFK INTERNATIONAL AIRPORT, NY US",2018-07-29,11.41,,,,,,0,0,0,200,200,18.1,21.9,,,,,,,,,
USW00094789,"JFK INTERNATIONAL AIRPORT, NY US",2018-07-30,6.04,,,,,,0.02,0,0,210,200,18.1,23,1,,,,,,,,
USW00094789,"JFK INTERNATIONAL AIRPORT, NY US",2018-07-31,7.83,,,,,,0,0,0,140,140,15,18.1,,,,,,,,,
USW00094789,"JFK INTERNATIONAL AIRPORT, NY US",2018-08-01,15.43,,,,,,0.02,0,0,190,190,28,35.1,,,,,,,,,
USW00094789,"JFK INTERNATIONAL AIRPORT, NY US",2018-08-02,14.32,,,,,,0.02,0,0,190,180,29.1,34,1,,,,,,,,
USW00094789,"JFK INTERNATIONAL AIRPORT, NY US",2018-08-03,11.18,,,,,,0.05,0,0,200,200,25.1,30,1,,1,,,,,,
USW00094789,"JFK INTERNATIONAL AIRPORT, NY US",2018-08-04,10.96,,,,,,0.17,0,0,200,200,21,25.1,1,,,,,,,,
USW00094789,"JFK INTERNATIONAL AIRPORT, NY US",2018-08-05,7.83,,,,,,0,0,0,200,200,17,23,,,,,,,,,
USW00094789,"JFK INTERNATIONAL AIRPORT, NY US",2018-08-06,10.74,,,,,,0,0,0,190,190,21.9,25.9,,,,,,,,,
USW00094789,"JFK INTERNATIONAL AIRPORT, NY US",2018-08-07,12.3,,,,,,0.74,0,0,310,300,28,33.1,1,,1,,,,,,
USW00094789,"JFK INTERNATIONAL AIRPORT, NY US",2018-08-08,9.62,,,,,,0.01,0,0,190,190,21,23.9,1,,,,,,,,
USW00094789,"JFK INTERNATIONAL AIRPORT, NY US",2018-08-09,9.62,,,,,,0.3,0,0,310,300,21.9,27.1,1,,1,,,,,,
USW00094789,"JFK INTERNATIONAL AIRPORT, NY US",2018-08-10,8.28,,,,,,0,0,0,230,220,21.9,25.9,,,,,,,,,
USW00094789,"JFK INTERNATIONAL AIRPORT, NY US",2018-08-11,7.61,,,,,,0.33,0,0,290,290,21.9,25.9,1,,1,,,,,,
USW00094789,"JFK INTERNATIONAL AIRPORT, NY US",2018-08-12,6.49,,,,,,1.84,0,0,70,50,19.9,30,1,1,1,,,,,,
USW00094789,"JFK INTERNATIONAL AIRPORT, NY US",2018-08-13,9.17,,,,,,0.6,0,0,40,40,16.1,21.9,1,,,,,,,,
USW00094789,"JFK INTERNATIONAL AIRPORT, NY US",2018-08-14,9.62,,,,,,0.14,0,0,230,240,21,23.9,1,,1,,,,,,
USW00094789,"JFK INTERNATIONAL AIRPORT, NY US",2018-08-15,11.41,,,,,,0,0,0,300,310,17,25.9,,,,,,,,,
USW00094789,"JFK INTERNATIONAL AIRPORT, NY US",2018-08-16,9.4,,,,,,0,0,0,200,210,17,21,,,,,,,,,
USW00094789,"JFK INTERNATIONAL AIRPORT, NY US",2018-08-17,11.41,,,,,,0.03,0,0,180,180,23.9,31.1,1,,1,,,,,,
USW00094789,"JFK INTERNATIONAL AIRPORT, NY US",2018-08-18,10.29,,,,,,0.14,0,0,240,240,23,28,1,,1,,,,,,
USW00094789,"JFK INTERNATIONAL AIRPORT, NY US",2018-08-19,11.41,,,,,,0.02,0,0,40,50,21.9,29.1,,,,,,,,,
USW00094789,"JFK INTERNATIONAL AIRPORT, NY US",2018-08-20,7.16,,,,,,0,0,0,30,30,16.1,19,,,,,,,,,
USW00094789,"JFK INTERNATIONAL AIRPORT, NY US",2018-08-21,10.07,,,,,,0,0,0,120,130,16.1,21,,,,,,,,,
USW00094789,"JFK INTERNATIONAL AIRPORT, NY US",2018-08-22,13.2,,,,,,0.26,0,0,280,270,25.1,30,1,,,,,,,,
USW00094789,"JFK INTERNATIONAL AIRPORT, NY US",2018-08-23,11.18,,,,,,0.01,0,0,330,330,19.9,25.1,,,,,,,,,
USW00094789,"JFK INTERNATIONAL AIRPORT, NY US",2018-08-24,6.49,,,,,,0,0,0,170,170,16.1,18.1,,,,,,,,,
USW00094789,"JFK INTERNATIONAL AIRPORT, NY US",2018-08-25,6.49,,,,,,0,0,0,120,140,13,17,,,,,,,,,
USW00094789,"JFK INTERNATIONAL AIRPORT, NY US",2018-08-26,11.41,,,,,,0,0,0,180,190,21,25.9,,,,,,,,,
USW00094789,"JFK INTERNATIONAL AIRPORT, NY US",2018-08-27,8.72,,,,,,0,0,0,190,190,17,19,,,,,,,,,
USW00094789,"JFK INTERNATIONAL AIRPORT, NY US",2018-08-28,10.29,,,,,,0,0,0,190,190,21,23.9,1,,,,,,1,,
USW00094789,"JFK INTERNATIONAL AIRPORT, NY US",2018-08-29,9.84,,,,,,0,0,0,240,250,16.1,19.9,,,,,,,,,
USW00094789,"JFK INTERNATIONAL AIRPORT, NY US",2018-08-30,10.51,,,,,,0,0,0,330,320,18.1,23,1,,,,,,,,
USW00094789,"JFK INTERNATIONAL AIRPORT, NY US",2018-08-31,13.65,,,,,,0,0,0,90,100,21,25.9,1,,,,,,,,
USW00094789,"JFK INTERNATIONAL AIRPORT, NY US",2018-09-01,8.72,,,,,,0.01,0,0,90,100,16.1,19.9,,,,,,,,,
USW00094789,"JFK INTERNATIONAL AIRPORT, NY US",2018-09-02,7.38,,,,,,0,0,0,180,160,14.1,18.1,,,,,,,,,
USW00094789,"JFK INTERNATIONAL AIRPORT, NY US",2018-09-03,9.84,,,,,,0,0,0,190,190,17,21,,,,,,,,,
USW00094789,"JFK INTERNATIONAL AIRPORT, NY US",2018-09-04,6.49,,,,,,0,0,0,210,20,13,16.1,,,,,,,,,
USW00094789,"JFK INTERNATIONAL AIRPORT, NY US",2018-09-05,8.28,,,,,,0,0,0,160,140,14.1,17,1,,,,,,,,
USW00094789,"JFK INTERNATIONAL AIRPORT, NY US",2018-09-06,10.51,,,,,,0.69,0,0,20,20,25.9,32,1,,1,,,,,,
USW00094789,"JFK INTERNATIONAL AIRPORT, NY US",2018-09-07,8.95,,,,,,0,0,0,10,60,14.1,18.1,,,,,,,,,
USW00094789,"JFK INTERNATIONAL AIRPORT, NY US",2018-09-08,12.08,,,,,,0.04,0,0,30,30,19.9,25.1,1,,,,,,,,
USW00094789,"JFK INTERNATIONAL AIRPORT, NY US",2018-09-09,12.53,,,,,,0.44,0,0,60,60,18.1,23.9,1,,,,,,,,
USW00094789,"JFK INTERNATIONAL AIRPORT, NY US",2018-09-10,14.54,,,,,,1.25,0,0,80,70,25.1,34,1,,,,,,,,
USW00094789,"JFK INTERNATIONAL AIRPORT, NY US",2018-09-11,4.03,,,,,,0.27,0,0,40,30,8.9,11,1,1,,,,,,,
USW00094789,"JFK INTERNATIONAL AIRPORT, NY US",2018-09-12,3.8,,,,,,0.04,0,0,90,100,12.1,14.1,1,1,,,,,,,
USW00094789,"JFK INTERNATIONAL AIRPORT, NY US",2018-09-13,9.17,,,,,,0.11,0,0,60,60,14.1,18.1,1,,,,,,,,
USW00094789,"JFK INTERNATIONAL AIRPORT, NY US",2018-09-14,9.17,,,,,,0,0,0,110,120,17,21,,,,,,,,,
USW00094789,"JFK INTERNATIONAL AIRPORT, NY US",2018-09-15,5.37,,,,,,0,0,0,150,140,12.1,15,,,,,,,,,
USW00094789,"JFK INTERNATIONAL AIRPORT, NY US",2018-09-16,5.37,,,,,,0,0,0,190,190,13,16.1,,,,,,,,,
USW00094789,"JFK INTERNATIONAL AIRPORT, NY US",2018-09-17,8.95,,,,,,0,0,0,160,160,18.1,25.1,,,,,,,,,
USW00094789,"JFK INTERNATIONAL AIRPORT, NY US",2018-09-18,12.3,,,,,,0.67,0,0,190,190,23.9,30,1,,1,,,,,,
USW00094789,"JFK INTERNATIONAL AIRPORT, NY US",2018-09-19,9.84,,,,,,0,0,0,30,50,17,21.9,,,,,,,,,
USW00094789,"JFK INTERNATIONAL AIRPORT, NY US",2018-09-20,6.93,,,,,,0,0,0,60,70,14.1,18.1,,,,,,,,,
USW00094789,"JFK INTERNATIONAL AIRPORT, NY US",2018-09-21,14.76,,,,,,0,0,0,190,190,23.9,29.1,,,,,,,,,
USW00094789,"JFK INTERNATIONAL AIRPORT, NY US",2018-09-22,12.75,,,,,,0,0,0,340,330,25.9,34,,,,,,,,,
USW00094789,"JFK INTERNATIONAL AIRPORT, NY US",2018-09-23,6.04,,,,,,0.04,0,0,60,10,10.1,13,1,,,,,,,,
USW00094789,"JFK INTERNATIONAL AIRPORT, NY US",2018-09-24,13.42,,,,,,0,0,0,100,100,25.1,33.1,,,,,,,,,
USW00094789,"JFK INTERNATIONAL AIRPORT, NY US",2018-09-25,14.99,,,,,,0.81,0,0,110,120,28,35.1,1,,,,,,,,
USW00094789,"JFK INTERNATIONAL AIRPORT, NY US",2018-09-26,13.42,,,,,,0.36,0,0,190,180,21,27.1,1,,1,,,,,,
USW00094789,"JFK INTERNATIONAL AIRPORT, NY US",2018-09-27,12.75,,,,,,0,0,0,120,360,19.9,28,,,,,,,,,
USW00094789,"JFK INTERNATIONAL AIRPORT, NY US",2018-09-28,10.51,,,,,,1.26,0,0,20,10,23.9,31.1,1,,,,,,,,
USW00094789,"JFK INTERNATIONAL AIRPORT, NY US",2018-09-29,7.61,,,,,,0,0,0,350,350,15,19,,,,,,,,,
USW00094789,"JFK INTERNATIONAL AIRPORT, NY US",2018-09-30,7.61,,,,,,0,0,0,200,190,13,16.1,,,,,,,,,
USW00094789,"JFK INTERNATIONAL AIRPORT, NY US",2018-10-01,10.74,,,,,,0,0,0,180,190,17,21,,,,,,,,,
USW00094789,"JFK INTERNATIONAL AIRPORT, NY US",2018-10-02,12.75,,,,,,0.33,0,0,270,270,32,40,1,,1,,,,,,
USW00094789,"JFK INTERNATIONAL AIRPORT, NY US",2018-10-03,8.72,,,,,,0,0,0,310,320,17,23,,,1,,,,,,
USW00094789,"JFK INTERNATIONAL AIRPORT, NY US",2018-10-04,7.38,,,,,,0.04,0,0,190,190,18.1,21.9,1,,,,,,,,
USW00094789,"JFK INTERNATIONAL AIRPORT, NY US",2018-10-05,10.51,,,,,,0,0,0,10,360,21.9,27.1,,,,,,,,,
USW00094789,"JFK INTERNATIONAL AIRPORT, NY US",2018-10-06,9.62,,,,,,0,0,0,200,190,16.1,19,,,,,,,,,
USW00094789,"JFK INTERNATIONAL AIRPORT, NY US",2018-10-07,7.61,,,,,,0,0,0,200,210,15,18.1,,,,,,,,,
USW00094789,"JFK INTERNATIONAL AIRPORT, NY US",2018-10-08,10.51,,,,,,0,0,0,100,90,17,23,1,,,,,,,,
USW00094789,"JFK INTERNATIONAL AIRPORT, NY US",2018-10-09,6.71,,,,,,0,0,0,200,200,13,17,,,,,,,,,
USW00094789,"JFK INTERNATIONAL AIRPORT, NY US",2018-10-10,8.05,,,,,,0,0,0,180,180,16.1,19.9,1,1,,,,,,,
USW00094789,"JFK INTERNATIONAL AIRPORT, NY US",2018-10-11,10.96,,,,,,1.03,0,0,190,190,32,38,1,,1,,,,,,
USW00094789,"JFK INTERNATIONAL AIRPORT, NY US",2018-10-12,18.34,,,,,,0.77,0,0,360,10,32,44.1,1,,,,,,,,
USW00094789,"JFK INTERNATIONAL AIRPORT, NY US",2018-10-13,8.5,,,,,,0.05,0,0,300,300,17,23,,,,,,,,,
USW00094789,"JFK INTERNATIONAL AIRPORT, NY US",2018-10-14,6.71,,,,,,0,0,0,240,230,15,21,,,,,,,,,
USW00094789,"JFK INTERNATIONAL AIRPORT, NY US",2018-10-15,12.53,,,,,,0.07,0,0,300,290,30,38,1,,,,,,,,
USW00094789,"JFK INTERNATIONAL AIRPORT, NY US",2018-10-16,16.11,,,,,,0.01,0,0,330,330,28,36,1,,,,,,,,
USW00094789,"JFK INTERNATIONAL AIRPORT, NY US",2018-10-17,18.57,,,,,,0,0,0,300,320,31.1,38,,,,,,,,,
USW00094789,"JFK INTERNATIONAL AIRPORT, NY US",2018-10-18,15.21,,,,,,0,0,0,330,330,29.1,36,,,,,,,,,
USW00094789,"JFK INTERNATIONAL AIRPORT, NY US",2018-10-19,13.87,,,,,,0,0,0,210,220,23.9,30,,,,,,,,,
USW00094789,"JFK INTERNATIONAL AIRPORT, NY US",2018-10-20,14.09,,,,,,0.08,0,0,270,270,21.9,27.1,1,,,,,,,,
USW00094789,"JFK INTERNATIONAL AIRPORT, NY US",2018-10-21,19.69,,,,,,0.01,0,0,310,320,35.1,42.1,1,,,,,,,,
USW00094789,"JFK INTERNATIONAL AIRPORT, NY US",2018-10-22,11.18,,,,,,0,0,0,240,230,21,23.9,,,,,,,,,
USW00094789,"JFK INTERNATIONAL AIRPORT, NY US",2018-10-23,11.86,,,,,,0,0,0,320,320,25.9,36,,,,,,,,,
USW00094789,"JFK INTERNATIONAL AIRPORT, NY US",2018-10-24,17,,,,,,0,0,0,330,340,28,35.1,,,,,,,,,
USW00094789,"JFK INTERNATIONAL AIRPORT, NY US",2018-10-25,13.42,,,,,,0,0,0,320,320,23.9,30,,,,,,,,,
USW00094789,"JFK INTERNATIONAL AIRPORT, NY US",2018-10-26,5.59,,,,,,0.03,0,0,70,70,18.1,23,,,,,,,,,
USW00094789,"JFK INTERNATIONAL AIRPORT, NY US",2018-10-27,20.58,,,,,,0.84,0,0,50,60,35.1,42.9,1,,,,,,1,,
USW00094789,"JFK INTERNATIONAL AIRPORT, NY US",2018-10-28,11.86,,,,,,0.05,0,0,250,,16.1,,1,,,,,,,,
USW00094789,"JFK INTERNATIONAL AIRPORT, NY US",2018-10-29,15.88,,,,,,0.01,0,0,300,250,23.9,31.1,,,,,,,,,
USW00094789,"JFK INTERNATIONAL AIRPORT, NY US",2018-10-30,12.3,,,,,,0,0,0,310,310,23,29.1,,,,,,,,,
USW00094789,"JFK INTERNATIONAL AIRPORT, NY US",2018-10-31,9.62,,,,,,0,0,0,180,190,25.1,31.1,,,,,,,,,
USW00094789,"JFK INTERNATIONAL AIRPORT, NY US",2018-11-01,10.51,,,,,,0,0,0,180,190,23,29.1,,,,,,,,,
USW00094789,"JFK INTERNATIONAL AIRPORT, NY US",2018-11-02,20.58,,,,,,0.06,0,0,180,180,30,36.9,1,1,,,,,,,
USW00094789,"JFK INTERNATIONAL AIRPORT, NY US",2018-11-03,17.9,,,,,,0.24,0,0,270,270,35.1,45,1,,,,,,,,
USW00094789,"JFK INTERNATIONAL AIRPORT, NY US",2018-11-04,6.93,,,,,,0,0,0,330,320,15,18.1,,,,,,,,,
USW00094789,"JFK INTERNATIONAL AIRPORT, NY US",2018-11-05,12.53,,,,,,0.27,0,0,100,100,21,27.1,1,,,,,,,,
USW00094789,"JFK INTERNATIONAL AIRPORT, NY US",2018-11-06,8.5,,,,,,0.49,0,0,300,290,23,33.1,1,1,,,,,,,
USW00094789,"JFK INTERNATIONAL AIRPORT, NY US",2018-11-07,14.99,,,,,,0,0,0,220,270,21.9,28,,,,,,,,,
USW00094789,"JFK INTERNATIONAL AIRPORT, NY US",2018-11-08,10.51,,,,,,0,0,0,290,280,21,28,,,,,,,,,
USW00094789,"JFK INTERNATIONAL AIRPORT, NY US",2018-11-09,10.51,,,,,,0.86,0,0,60,70,21,27.1,1,,,,,,,,
USW00094789,"JFK INTERNATIONAL AIRPORT, NY US",2018-11-10,18.12,,,,,,0.01,0,0,270,270,31.1,40,1,,,,,,,,
USW00094789,"JFK INTERNATIONAL AIRPORT, NY US",2018-11-11,9.84,,,,,,0,0,0,310,300,18.1,23.9,,,,,,,,,
USW00094789,"JFK INTERNATIONAL AIRPORT, NY US",2018-11-12,3.8,,,,,,0.04,0,0,180,180,10.1,14.1,1,,,,,,,,
USW00094789,"JFK INTERNATIONAL AIRPORT, NY US",2018-11-13,14.09,,,,,,1.16,0,0,320,300,25.9,33.1,1,,,,,,,,
USW00094789,"JFK INTERNATIONAL AIRPORT, NY US",2018-11-14,17,,,,,,0,0,0,320,300,29.1,36,,,,,,,,,
USW00094789,"JFK INTERNATIONAL AIRPORT, NY US",2018-11-15,15.21,,,,,,0.89,4.8,0,60,60,33.1,44.1,1,1,,1,,,,,
USW00094789,"JFK INTERNATIONAL AIRPORT, NY US",2018-11-16,20.8,,,,,,0.16,0,1.2,320,340,36.9,45,1,,,,,,,,
USW00094789,"JFK INTERNATIONAL AIRPORT, NY US",2018-11-17,14.32,,,,,,0,0,0,270,290,21,25.1,,,,,,,,,
USW00094789,"JFK INTERNATIONAL AIRPORT, NY US",2018-11-18,6.26,,,,,,0,0,0,340,320,16.1,21.9,,,,,,,,,
USW00094789,"JFK INTERNATIONAL AIRPORT, NY US",2018-11-19,4.47,,,,,,0,0,0,270,260,12.1,14.1,1,,,,,,1,,
USW00094789,"JFK INTERNATIONAL AIRPORT, NY US",2018-11-20,10.74,,,,,,0.01,0,0,310,300,23.9,33.1,1,,,,,,1,,
USW00094789,"JFK INTERNATIONAL AIRPORT, NY US",2018-11-21,18.57,,,,,,0,0,0,320,320,30,38,1,,,,,,,,
USW00094789,"JFK INTERNATIONAL AIRPORT, NY US",2018-11-22,19.01,,,,,,0,0,0,320,320,31.1,36.9,,,,,,,,,
USW00094789,"JFK INTERNATIONAL AIRPORT, NY US",2018-11-23,8.28,,,,,,0,0,0,340,340,15,19,,,,,,,,,
USW00094789,"JFK INTERNATIONAL AIRPORT, NY US",2018-11-24,8.5,,,,,,1.2,0,0,50,40,29.1,35.1,1,,,,,,,,
USW00094789,"JFK INTERNATIONAL AIRPORT, NY US",2018-11-25,12.3,,,,,,1.22,0,0,330,40,38.9,46.1,1,,,,,,,,
USW00094789,"JFK INTERNATIONAL AIRPORT, NY US",2018-11-26,12.3,,,,,,1.17,0,0,70,70,29.1,34,1,,,,,,,,
USW00094789,"JFK INTERNATIONAL AIRPORT, NY US",2018-11-27,20.13,,,,,,0,0,0,270,270,30,36.9,1,,,,,,,,
USW00094789,"JFK INTERNATIONAL AIRPORT, NY US",2018-11-28,20.8,,,,,,0,0,0,290,300,32,40,,,,,,,,,
USW00094789,"JFK INTERNATIONAL AIRPORT, NY US",2018-11-29,19.01,,,,,,0,0,0,320,310,33.1,40.9,,,,,,,,,
USW00094789,"JFK INTERNATIONAL AIRPORT, NY US",2018-11-30,4.25,,,,,,0.02,0,0,300,300,12.1,14.1,,,,,,,,,
USW00094789,"JFK INTERNATIONAL AIRPORT, NY US",2018-12-01,5.59,,,,,,0.06,0,0,100,100,14.1,17,1,,,,,,,,
USW00094789,"JFK INTERNATIONAL AIRPORT, NY US",2018-12-02,8.05,,,,,,0.87,0,0,110,110,18.1,21.9,1,1,,,,,,,
USW00094789,"JFK INTERNATIONAL AIRPORT, NY US",2018-12-03,14.09,,,,,,0,0,0,270,260,23.9,31.1,1,1,,,,,,,
USW00094789,"JFK INTERNATIONAL AIRPORT, NY US",2018-12-04,16.33,,,,,,0,0,0,340,310,25.1,31.1,,,,,,,,,
USW00094789,"JFK INTERNATIONAL AIRPORT, NY US",2018-12-05,8.05,,,,,,0,0,0,40,30,16.1,19.9,,,,,,,,,
USW00094789,"JFK INTERNATIONAL AIRPORT, NY US",2018-12-06,14.76,,,,,,0,0,0,240,240,25.1,32,,,,,,,,,
USW00094789,"JFK INTERNATIONAL AIRPORT, NY US",2018-12-07,15.21,,,,,,0,0,0,320,320,23.9,35.1,,,,,,,,,
USW00094789,"JFK INTERNATIONAL AIRPORT, NY US",2018-12-08,10.74,,,,,,0,0,0,270,260,19.9,23,,,,,,,,,
USW00094789,"JFK INTERNATIONAL AIRPORT, NY US",2018-12-09,4.92,,,,,,0,0,0,250,310,13,16.1,,,,,,,,,
USW00094789,"JFK INTERNATIONAL AIRPORT, NY US",2018-12-10,9.84,,,,,,0,0,0,10,10,21,25.9,,,,,,,,,
USW00094789,"JFK INTERNATIONAL AIRPORT, NY US",2018-12-11,7.16,,,,,,0,0,0,300,310,17,21.9,,,,,,,,,
USW00094789,"JFK INTERNATIONAL AIRPORT, NY US",2018-12-12,11.41,,,,,,0,0,0,320,310,21.9,25.9,,,,,,,,,
USW00094789,"JFK INTERNATIONAL AIRPORT, NY US",2018-12-13,9.4,,,,,,0.09,0,0,60,60,16.1,19,1,,,,1,,,,
USW00094789,"JFK INTERNATIONAL AIRPORT, NY US",2018-12-14,7.61,,,,,,0.11,0,0,120,130,15,18.1,1,,,,,,,,
USW00094789,"JFK INTERNATIONAL AIRPORT, NY US",2018-12-15,10.51,,,,,,0.15,0,0,60,50,31.1,36.9,1,,,,,,,,
USW00094789,"JFK INTERNATIONAL AIRPORT, NY US",2018-12-16,18.12,,,,,,1.16,0,0,50,40,28,36.9,1,,,,,,,,
USW00094789,"JFK INTERNATIONAL AIRPORT, NY US",2018-12-17,18.34,,,,,,0,0,0,310,310,36,45,1,,,,,,,,
USW00094789,"JFK INTERNATIONAL AIRPORT, NY US",2018-12-18,21.03,,,,,,0,0,0,320,320,38,51,,,,,,,,,
USW00094789,"JFK INTERNATIONAL AIRPORT, NY US",2018-12-19,8.5,,,,,,0,0,0,310,320,18.1,21,,,,,,,,,
USW00094789,"JFK INTERNATIONAL AIRPORT, NY US",2018-12-20,6.71,,,,,,0.28,0,0,110,110,19.9,25.1,1,,,,,,,,
USW00094789,"JFK INTERNATIONAL AIRPORT, NY US",2018-12-21,19.01,,,,,,1.73,0,0,180,120,31.1,42.9,1,1,,,,,,,
USW00094789,"JFK INTERNATIONAL AIRPORT, NY US",2018-12-22,20.8,,,,,,0.02,0,0,290,290,32,42.9,1,,,,,,,,
USW00094789,"JFK INTERNATIONAL AIRPORT, NY US",2018-12-23,9.62,,,,,,0.01,0,0,310,310,28,34,,,,,,,,,
USW00094789,"JFK INTERNATIONAL AIRPORT, NY US",2018-12-24,10.07,,,,,,0.07,0,0,270,260,23,29.1,1,,,,,,,,
USW00094789,"JFK INTERNATIONAL AIRPORT, NY US",2018-12-25,13.42,,,,,,0,0,0,310,320,23,29.1,,,,,,,,,
USW00094789,"JFK INTERNATIONAL AIRPORT, NY US",2018-12-26,10.07,,,,,,0,0,0,290,280,17,21.9,,,,,,,,,
USW00094789,"JFK INTERNATIONAL AIRPORT, NY US",2018-12-27,8.72,,,,,,0,0,0,330,130,17,21.9,,,,,,,,,
USW00094789,"JFK INTERNATIONAL AIRPORT, NY US",2018-12-28,13.65,,,,,,0.98,0,0,170,180,30,38,1,1,,,,,,,
USW00094789,"JFK INTERNATIONAL AIRPORT, NY US",2018-12-29,15.43,,,,,,0,0,0,310,290,29.1,38.9,1,,,,,,,,
USW00094789,"JFK INTERNATIONAL AIRPORT, NY US",2018-12-30,5.37,,,,,,0,0,0,330,330,19.9,23,,,,,,,,,
USW00094789,"JFK INTERNATIONAL AIRPORT, NY US",2018-12-31,9.17,,,,,,1.23,0,0,130,130,21.9,28,1,1,,,,,,,